Station_ID,Latitude,Longitude,Year,Month,Temperature_Mean,Temperature_Min,Temperature_Max,Precipitation,Humidity,Wind_Speed
STN_0001,28.2371,74.458,2010,1,11.6,6.6,19.6,54.3,75.5,9.9
STN_0001,28.2371,74.458,2010,2,13.2,8.2,21.2,3.3,58.5,6.0
STN_0001,28.2371,74.458,2010,3,21.1,16.1,29.1,8.0,51.5,5.6
STN_0001,28.2371,74.458,2010,4,18.3,13.3,26.3,5.8,49.0,12.2
STN_0001,28.2371,74.458,2010,5,24.6,19.6,32.6,2.3,55.1,11.9
STN_0001,28.2371,74.458,2010,6,18.8,13.8,26.8,4.4,89.0,12.2
STN_0001,28.2371,74.458,2010,7,17.8,12.8,25.8,161.9,86.0,4.8
STN_0001,28.2371,74.458,2010,8,21.8,16.8,29.8,42.1,88.8,10.6
STN_0001,28.2371,74.458,2010,9,20.8,15.8,28.8,111.2,70.0,12.7
STN_0001,28.2371,74.458,2010,10,16.9,11.9,24.9,69.3,76.6,6.7
STN_0001,28.2371,74.458,2010,11,17.5,12.5,25.5,42.4,56.8,6.0
STN_0001,28.2371,74.458,2010,12,10.8,5.8,18.8,48.3,72.0,11.8
STN_0001,28.2371,74.458,2011,1,10.9,5.9,18.9,77.9,45.9,7.9
STN_0001,28.2371,74.458,2011,2,13.5,8.5,21.5,3.8,69.8,7.8
STN_0001,28.2371,74.458,2011,3,28.1,23.1,36.1,35.8,46.2,10.6
STN_0001,28.2371,74.458,2011,4,20.4,15.4,28.4,15.3,68.3,10.4
STN_0001,28.2371,74.458,2011,5,25.2,20.2,33.2,31.1,50.9,14.3
STN_0001,28.2371,74.458,2011,6,18.2,13.2,26.2,263.4,86.4,6.7
STN_0001,28.2371,74.458,2011,7,19.5,14.5,27.5,135.1,90.2,11.6
STN_0001,28.2371,74.458,2011,8,20.9,15.9,28.9,584.4,72.6,5.9
STN_0001,28.2371,74.458,2011,9,14.5,9.5,22.5,124.1,94.9,11.8
STN_0001,28.2371,74.458,2011,10,17.2,12.2,25.2,40.7,76.3,9.6
STN_0001,28.2371,74.458,2011,11,19.6,14.6,27.6,76.7,64.4,11.2
STN_0001,28.2371,74.458,2011,12,12.6,7.6,20.6,11.5,49.9,3.4
STN_0001,28.2371,74.458,2012,1,10.0,5.0,18.0,4.6,70.2,10.2
STN_0001,28.2371,74.458,2012,2,15.0,10.0,23.0,32.5,74.6,6.4
STN_0001,28.2371,74.458,2012,3,20.6,15.6,28.6,9.9,55.5,7.2
STN_0001,28.2371,74.458,2012,4,22.7,17.7,30.7,4.0,56.1,14.2
STN_0001,28.2371,74.458,2012,5,26.5,21.5,34.5,3.8,75.4,13.7
STN_0001,28.2371,74.458,2012,6,16.8,11.8,24.8,26.9,81.6,5.8
STN_0001,28.2371,74.458,2012,7,19.1,14.1,27.1,19.7,80.5,13.1
STN_0001,28.2371,74.458,2012,8,18.0,13.0,26.0,211.6,75.8,5.4
STN_0001,28.2371,74.458,2012,9,25.6,20.6,33.6,72.8,83.7,6.6
STN_0001,28.2371,74.458,2012,10,15.8,10.8,23.8,50.8,40.9,10.7
STN_0001,28.2371,74.458,2012,11,19.8,14.8,27.8,51.4,73.0,11.1
STN_0001,28.2371,74.458,2012,12,12.2,7.2,20.2,6.4,40.7,3.6
STN_0001,28.2371,74.458,2013,1,9.2,4.2,17.2,3.1,62.1,13.0
STN_0001,28.2371,74.458,2013,2,12.8,7.8,20.8,1.1,73.0,5.9
STN_0001,28.2371,74.458,2013,3,24.7,19.7,32.7,49.9,68.5,11.7
STN_0001,28.2371,74.458,2013,4,23.0,18.0,31.0,7.3,61.9,13.9
STN_0001,28.2371,74.458,2013,5,24.2,19.2,32.2,39.6,57.6,2.8
STN_0001,28.2371,74.458,2013,6,18.7,13.7,26.7,4.2,93.6,13.8
STN_0001,28.2371,74.458,2013,7,20.4,15.4,28.4,17.6,81.6,3.8
STN_0001,28.2371,74.458,2013,8,16.3,11.3,24.3,287.5,94.1,3.6
STN_0001,28.2371,74.458,2013,9,18.9,13.9,26.9,122.1,90.7,13.0
STN_0001,28.2371,74.458,2013,10,19.2,14.2,27.2,62.6,79.0,11.9
STN_0001,28.2371,74.458,2013,11,13.8,8.8,21.8,66.5,75.6,13.4
STN_0001,28.2371,74.458,2013,12,13.4,8.4,21.4,4.0,47.1,3.3
STN_0001,28.2371,74.458,2014,1,10.9,5.9,18.9,20.1,53.3,4.7
STN_0001,28.2371,74.458,2014,2,13.7,8.7,21.7,68.9,45.3,5.3
STN_0001,28.2371,74.458,2014,3,20.4,15.4,28.4,23.7,47.7,13.9
STN_0001,28.2371,74.458,2014,4,30.7,25.7,38.7,61.3,68.7,7.4
STN_0001,28.2371,74.458,2014,5,29.1,24.1,37.1,21.6,44.3,10.5
STN_0001,28.2371,74.458,2014,6,18.2,13.2,26.2,265.0,72.1,4.6
STN_0001,28.2371,74.458,2014,7,21.0,16.0,29.0,127.2,87.8,9.9
STN_0001,28.2371,74.458,2014,8,23.5,18.5,31.5,84.3,78.5,9.9
STN_0001,28.2371,74.458,2014,9,18.1,13.1,26.1,137.3,92.4,7.4
STN_0001,28.2371,74.458,2014,10,17.1,12.1,25.1,0.3,49.3,10.1
STN_0001,28.2371,74.458,2014,11,17.1,12.1,25.1,13.1,58.4,2.6
STN_0001,28.2371,74.458,2014,12,14.3,9.3,22.3,38.0,47.5,4.5
STN_0001,28.2371,74.458,2015,1,8.9,3.9,16.9,14.2,70.2,7.9
STN_0001,28.2371,74.458,2015,2,12.1,7.1,20.1,29.9,46.5,14.7
STN_0001,28.2371,74.458,2015,3,23.0,18.0,31.0,7.3,69.8,2.8
STN_0001,28.2371,74.458,2015,4,29.0,24.0,37.0,23.1,56.5,13.9
STN_0001,28.2371,74.458,2015,5,29.2,24.2,37.2,12.0,70.7,10.6
STN_0001,28.2371,74.458,2015,6,23.5,18.5,31.5,384.1,93.3,12.5
STN_0001,28.2371,74.458,2015,7,22.4,17.4,30.4,195.7,78.6,7.3
STN_0001,28.2371,74.458,2015,8,18.3,13.3,26.3,611.6,79.0,9.7
STN_0001,28.2371,74.458,2015,9,17.8,12.8,25.8,4.1,80.7,13.0
STN_0001,28.2371,74.458,2015,10,18.1,13.1,26.1,34.1,41.3,7.8
STN_0001,28.2371,74.458,2015,11,19.4,14.4,27.4,28.3,65.3,9.8
STN_0001,28.2371,74.458,2015,12,8.8,3.8,16.8,34.5,78.0,8.9
STN_0001,28.2371,74.458,2016,1,10.6,5.6,18.6,28.6,76.3,8.1
STN_0001,28.2371,74.458,2016,2,15.4,10.4,23.4,149.9,69.1,8.9
STN_0001,28.2371,74.458,2016,3,25.4,20.4,33.4,3.3,67.4,10.5
STN_0001,28.2371,74.458,2016,4,17.7,12.7,25.7,5.9,74.0,9.0
STN_0001,28.2371,74.458,2016,5,26.6,21.6,34.6,26.9,62.6,14.7
STN_0001,28.2371,74.458,2016,6,19.2,14.2,27.2,115.0,88.9,13.1
STN_0001,28.2371,74.458,2016,7,20.0,15.0,28.0,310.6,85.9,4.8
STN_0001,28.2371,74.458,2016,8,19.3,14.3,27.3,166.0,85.5,6.8
STN_0001,28.2371,74.458,2016,9,18.5,13.5,26.5,156.9,72.7,13.1
STN_0001,28.2371,74.458,2016,10,16.2,11.2,24.2,6.3,72.5,5.0
STN_0001,28.2371,74.458,2016,11,18.3,13.3,26.3,15.8,47.6,4.9
STN_0001,28.2371,74.458,2016,12,11.3,6.3,19.3,1.5,74.8,9.8
STN_0001,28.2371,74.458,2017,1,9.8,4.8,17.8,7.7,53.2,9.0
STN_0001,28.2371,74.458,2017,2,10.1,5.1,18.1,36.0,63.6,12.3
STN_0001,28.2371,74.458,2017,3,27.0,22.0,35.0,39.5,65.7,10.8
STN_0001,28.2371,74.458,2017,4,25.6,20.6,33.6,12.5,68.6,7.1
STN_0001,28.2371,74.458,2017,5,28.7,23.7,36.7,12.7,54.4,13.2
STN_0001,28.2371,74.458,2017,6,22.6,17.6,30.6,299.3,70.4,13.5
STN_0001,28.2371,74.458,2017,7,19.3,14.3,27.3,161.0,83.9,6.4
STN_0001,28.2371,74.458,2017,8,19.6,14.6,27.6,129.9,76.2,11.9
STN_0001,28.2371,74.458,2017,9,20.1,15.1,28.1,43.1,73.4,4.6
STN_0001,28.2371,74.458,2017,10,17.4,12.4,25.4,1.3,70.4,10.7
STN_0001,28.2371,74.458,2017,11,19.8,14.8,27.8,31.8,79.9,6.3
STN_0001,28.2371,74.458,2017,12,7.7,2.7,15.7,15.1,78.2,2.4
STN_0001,28.2371,74.458,2018,1,11.8,6.8,19.8,25.9,61.8,5.5
STN_0001,28.2371,74.458,2018,2,9.9,4.9,17.9,15.1,40.7,12.3
STN_0001,28.2371,74.458,2018,3,23.2,18.2,31.2,23.4,55.3,5.0
STN_0001,28.2371,74.458,2018,4,18.5,13.5,26.5,30.6,54.4,11.4
STN_0001,28.2371,74.458,2018,5,24.8,19.8,32.8,19.5,62.5,13.4
STN_0001,28.2371,74.458,2018,6,20.9,15.9,28.9,128.1,79.4,10.1
STN_0001,28.2371,74.458,2018,7,20.2,15.2,28.2,114.9,81.7,6.5
STN_0001,28.2371,74.458,2018,8,21.5,16.5,29.5,160.0,81.2,10.4
STN_0001,28.2371,74.458,2018,9,22.7,17.7,30.7,461.8,88.9,5.5
STN_0001,28.2371,74.458,2018,10,17.0,12.0,25.0,106.2,61.7,10.9
STN_0001,28.2371,74.458,2018,11,18.2,13.2,26.2,34.2,62.8,11.5
STN_0001,28.2371,74.458,2018,12,11.5,6.5,19.5,7.1,77.2,2.4
STN_0001,28.2371,74.458,2019,1,12.3,7.3,20.3,6.4,60.4,12.9
STN_0001,28.2371,74.458,2019,2,9.1,4.1,17.1,7.3,50.6,4.0
STN_0001,28.2371,74.458,2019,3,23.5,18.5,31.5,10.6,59.1,10.3
STN_0001,28.2371,74.458,2019,4,19.8,14.8,27.8,4.4,70.1,9.9
STN_0001,28.2371,74.458,2019,5,29.1,24.1,37.1,9.4,48.8,11.0
STN_0001,28.2371,74.458,2019,6,18.7,13.7,26.7,79.4,93.2,11.3
STN_0001,28.2371,74.458,2019,7,23.7,18.7,31.7,40.5,77.2,13.6
STN_0001,28.2371,74.458,2019,8,18.3,13.3,26.3,11.5,80.4,7.3
STN_0001,28.2371,74.458,2019,9,18.4,13.4,26.4,246.1,93.4,14.0
STN_0001,28.2371,74.458,2019,10,15.6,10.6,23.6,138.4,43.0,6.9
STN_0001,28.2371,74.458,2019,11,15.1,10.1,23.1,51.0,41.4,6.4
STN_0001,28.2371,74.458,2019,12,13.8,8.8,21.8,5.5,70.9,7.9
STN_0001,28.2371,74.458,2020,1,12.0,7.0,20.0,13.7,40.4,6.0
STN_0001,28.2371,74.458,2020,2,11.8,6.8,19.8,19.6,47.3,14.8
STN_0001,28.2371,74.458,2020,3,27.9,22.9,35.9,9.9,54.8,13.3
STN_0001,28.2371,74.458,2020,4,26.7,21.7,34.7,8.6,65.4,13.6
STN_0001,28.2371,74.458,2020,5,22.7,17.7,30.7,29.2,66.6,9.0
STN_0001,28.2371,74.458,2020,6,20.1,15.1,28.1,121.0,78.3,7.9
STN_0001,28.2371,74.458,2020,7,19.0,14.0,27.0,36.8,74.8,14.9
STN_0001,28.2371,74.458,2020,8,21.0,16.0,29.0,313.3,85.9,15.0
STN_0001,28.2371,74.458,2020,9,21.2,16.2,29.2,116.6,92.8,6.7
STN_0001,28.2371,74.458,2020,10,21.2,16.2,29.2,30.1,56.3,11.1
STN_0001,28.2371,74.458,2020,11,18.2,13.2,26.2,1.5,54.3,8.9
STN_0001,28.2371,74.458,2020,12,13.0,8.0,21.0,0.4,47.5,6.8
STN_0001,28.2371,74.458,2021,1,10.9,5.9,18.9,18.6,52.6,14.9
STN_0001,28.2371,74.458,2021,2,12.3,7.3,20.3,6.5,51.9,2.2
STN_0001,28.2371,74.458,2021,3,21.5,16.5,29.5,7.1,73.0,5.5
STN_0001,28.2371,74.458,2021,4,29.3,24.3,37.3,31.0,78.2,10.3
STN_0001,28.2371,74.458,2021,5,26.1,21.1,34.1,67.3,45.9,4.0
STN_0001,28.2371,74.458,2021,6,22.6,17.6,30.6,386.9,81.2,14.6
STN_0001,28.2371,74.458,2021,7,20.0,15.0,28.0,536.3,79.5,8.6
STN_0001,28.2371,74.458,2021,8,20.9,15.9,28.9,325.9,83.0,2.3
STN_0001,28.2371,74.458,2021,9,19.8,14.8,27.8,6.9,76.0,11.3
STN_0001,28.2371,74.458,2021,10,19.2,14.2,27.2,115.4,76.3,14.9
STN_0001,28.2371,74.458,2021,11,21.5,16.5,29.5,17.7,51.9,14.7
STN_0001,28.2371,74.458,2021,12,16.7,11.7,24.7,49.5,44.9,5.6
STN_0001,28.2371,74.458,2022,1,8.9,3.9,16.9,6.2,77.2,4.1
STN_0001,28.2371,74.458,2022,2,16.0,11.0,24.0,11.1,40.6,3.3
STN_0001,28.2371,74.458,2022,3,27.5,22.5,35.5,8.6,73.6,5.4
STN_0001,28.2371,74.458,2022,4,23.5,18.5,31.5,4.0,66.9,9.0
STN_0001,28.2371,74.458,2022,5,26.5,21.5,34.5,2.1,45.0,9.0
STN_0001,28.2371,74.458,2022,6,23.2,18.2,31.2,63.9,80.3,14.7
STN_0001,28.2371,74.458,2022,7,20.5,15.5,28.5,511.1,85.5,11.8
STN_0001,28.2371,74.458,2022,8,20.2,15.2,28.2,728.7,76.7,4.2
STN_0001,28.2371,74.458,2022,9,21.8,16.8,29.8,149.5,80.6,8.2
STN_0001,28.2371,74.458,2022,10,20.2,15.2,28.2,57.5,47.2,7.4
STN_0001,28.2371,74.458,2022,11,18.3,13.3,26.3,2.1,59.9,4.3
STN_0001,28.2371,74.458,2022,12,12.5,7.5,20.5,3.7,54.3,4.0
STN_0002,16.5609,82.0359,2010,1,19.5,14.5,27.5,8.7,70.6,7.5
STN_0002,16.5609,82.0359,2010,2,18.1,13.1,26.1,12.8,49.9,9.8
STN_0002,16.5609,82.0359,2010,3,27.8,22.8,35.8,6.6,65.6,5.1
STN_0002,16.5609,82.0359,2010,4,36.5,31.5,44.5,0.1,46.3,7.4
STN_0002,16.5609,82.0359,2010,5,35.8,30.8,43.8,67.3,68.9,3.8
STN_0002,16.5609,82.0359,2010,6,29.4,24.4,37.4,102.4,74.2,10.5
STN_0002,16.5609,82.0359,2010,7,21.4,16.4,29.4,134.2,93.6,11.2
STN_0002,16.5609,82.0359,2010,8,24.9,19.9,32.9,121.1,84.0,9.4
STN_0002,16.5609,82.0359,2010,9,24.4,19.4,32.4,120.8,91.9,7.1
STN_0002,16.5609,82.0359,2010,10,22.4,17.4,30.4,16.9,53.8,10.8
STN_0002,16.5609,82.0359,2010,11,26.1,21.1,34.1,24.1,47.8,9.4
STN_0002,16.5609,82.0359,2010,12,18.3,13.3,26.3,16.4,79.1,4.3
STN_0002,16.5609,82.0359,2011,1,15.5,10.5,23.5,114.9,45.9,13.0
STN_0002,16.5609,82.0359,2011,2,16.8,11.8,24.8,1.6,48.3,6.7
STN_0002,16.5609,82.0359,2011,3,32.5,27.5,40.5,11.5,65.6,9.8
STN_0002,16.5609,82.0359,2011,4,33.2,28.2,41.2,0.5,70.6,9.2
STN_0002,16.5609,82.0359,2011,5,33.9,28.9,41.9,57.6,51.4,6.4
STN_0002,16.5609,82.0359,2011,6,28.6,23.6,36.6,82.3,77.7,4.4
STN_0002,16.5609,82.0359,2011,7,23.0,18.0,31.0,85.4,87.7,6.1
STN_0002,16.5609,82.0359,2011,8,24.6,19.6,32.6,250.2,92.1,2.5
STN_0002,16.5609,82.0359,2011,9,28.9,23.9,36.9,87.3,79.4,9.5
STN_0002,16.5609,82.0359,2011,10,27.7,22.7,35.7,0.3,76.8,9.5
STN_0002,16.5609,82.0359,2011,11,23.8,18.8,31.8,55.6,54.2,5.1
STN_0002,16.5609,82.0359,2011,12,19.1,14.1,27.1,4.3,78.3,4.5
STN_0002,16.5609,82.0359,2012,1,18.4,13.4,26.4,13.7,51.6,10.2
STN_0002,16.5609,82.0359,2012,2,18.9,13.9,26.9,14.1,59.2,2.9
STN_0002,16.5609,82.0359,2012,3,32.2,27.2,40.2,37.0,71.9,12.8
STN_0002,16.5609,82.0359,2012,4,31.7,26.7,39.7,35.0,51.7,13.3
STN_0002,16.5609,82.0359,2012,5,26.1,21.1,34.1,20.2,57.3,7.1
STN_0002,16.5609,82.0359,2012,6,31.8,26.8,39.8,389.6,88.6,14.3
STN_0002,16.5609,82.0359,2012,7,25.2,20.2,33.2,10.2,71.0,14.1
STN_0002,16.5609,82.0359,2012,8,26.0,21.0,34.0,514.1,88.2,10.7
STN_0002,16.5609,82.0359,2012,9,26.0,21.0,34.0,44.4,81.7,14.2
STN_0002,16.5609,82.0359,2012,10,21.5,16.5,29.5,7.8,62.6,4.6
STN_0002,16.5609,82.0359,2012,11,20.7,15.7,28.7,61.5,75.8,14.4
STN_0002,16.5609,82.0359,2012,12,15.1,10.1,23.1,31.3,43.0,11.2
STN_0002,16.5609,82.0359,2013,1,18.5,13.5,26.5,20.1,52.0,12.9
STN_0002,16.5609,82.0359,2013,2,17.6,12.6,25.6,37.9,53.6,14.5
STN_0002,16.5609,82.0359,2013,3,26.5,21.5,34.5,14.3,55.5,7.5
STN_0002,16.5609,82.0359,2013,4,29.9,24.9,37.9,6.2,41.6,14.4
STN_0002,16.5609,82.0359,2013,5,28.7,23.7,36.7,8.2,49.8,12.7
STN_0002,16.5609,82.0359,2013,6,26.4,21.4,34.4,447.4,77.6,10.4
STN_0002,16.5609,82.0359,2013,7,24.7,19.7,32.7,75.9,83.0,5.7
STN_0002,16.5609,82.0359,2013,8,29.3,24.3,37.3,183.0,71.3,8.1
STN_0002,16.5609,82.0359,2013,9,23.8,18.8,31.8,25.0,78.7,13.6
STN_0002,16.5609,82.0359,2013,10,20.0,15.0,28.0,46.4,58.9,7.7
STN_0002,16.5609,82.0359,2013,11,24.9,19.9,32.9,74.9,46.6,11.0
STN_0002,16.5609,82.0359,2013,12,19.6,14.6,27.6,7.9,67.6,11.1
STN_0002,16.5609,82.0359,2014,1,18.6,13.6,26.6,13.0,57.6,11.2
STN_0002,16.5609,82.0359,2014,2,15.1,10.1,23.1,33.8,48.1,4.4
STN_0002,16.5609,82.0359,2014,3,30.3,25.3,38.3,26.7,49.2,5.0
STN_0002,16.5609,82.0359,2014,4,29.5,24.5,37.5,5.0,57.5,5.7
STN_0002,16.5609,82.0359,2014,5,31.2,26.2,39.2,20.6,43.5,7.3
STN_0002,16.5609,82.0359,2014,6,27.8,22.8,35.8,303.0,80.8,6.1
STN_0002,16.5609,82.0359,2014,7,27.2,22.2,35.2,226.7,76.1,13.8
STN_0002,16.5609,82.0359,2014,8,24.6,19.6,32.6,9.0,70.7,11.4
STN_0002,16.5609,82.0359,2014,9,23.5,18.5,31.5,324.2,73.5,5.6
STN_0002,16.5609,82.0359,2014,10,22.7,17.7,30.7,15.5,71.7,3.6
STN_0002,16.5609,82.0359,2014,11,22.4,17.4,30.4,45.8,50.8,8.3
STN_0002,16.5609,82.0359,2014,12,19.7,14.7,27.7,20.6,51.0,9.5
STN_0002,16.5609,82.0359,2015,1,15.4,10.4,23.4,2.9,76.8,14.4
STN_0002,16.5609,82.0359,2015,2,19.1,14.1,27.1,1.0,59.0,12.6
STN_0002,16.5609,82.0359,2015,3,30.6,25.6,38.6,12.1,73.2,14.6
STN_0002,16.5609,82.0359,2015,4,28.6,23.6,36.6,59.0,48.9,10.2
STN_0002,16.5609,82.0359,2015,5,29.0,24.0,37.0,11.6,54.3,3.7
STN_0002,16.5609,82.0359,2015,6,22.2,17.2,30.2,119.5,86.2,14.8
STN_0002,16.5609,82.0359,2015,7,27.1,22.1,35.1,85.1,79.8,7.0
STN_0002,16.5609,82.0359,2015,8,29.2,24.2,37.2,6.2,91.0,9.6
STN_0002,16.5609,82.0359,2015,9,21.0,16.0,29.0,110.6,70.0,5.8
STN_0002,16.5609,82.0359,2015,10,25.8,20.8,33.8,8.7,43.9,11.5
STN_0002,16.5609,82.0359,2015,11,21.5,16.5,29.5,32.8,70.6,4.8
STN_0002,16.5609,82.0359,2015,12,18.0,13.0,26.0,12.4,70.2,10.3
STN_0002,16.5609,82.0359,2016,1,12.6,7.6,20.6,8.2,59.9,5.4
STN_0002,16.5609,82.0359,2016,2,15.8,10.8,23.8,1.3,68.7,11.2
STN_0002,16.5609,82.0359,2016,3,31.3,26.3,39.3,17.7,52.0,4.1
STN_0002,16.5609,82.0359,2016,4,27.8,22.8,35.8,20.7,61.3,7.7
STN_0002,16.5609,82.0359,2016,5,30.3,25.3,38.3,0.6,68.0,13.4
STN_0002,16.5609,82.0359,2016,6,26.5,21.5,34.5,274.6,88.4,11.6
STN_0002,16.5609,82.0359,2016,7,29.5,24.5,37.5,50.7,73.3,3.6
STN_0002,16.5609,82.0359,2016,8,23.0,18.0,31.0,109.4,71.9,4.4
STN_0002,16.5609,82.0359,2016,9,25.8,20.8,33.8,277.1,84.7,4.1
STN_0002,16.5609,82.0359,2016,10,26.1,21.1,34.1,54.1,77.9,3.9
STN_0002,16.5609,82.0359,2016,11,28.2,23.2,36.2,112.4,50.9,6.3
STN_0002,16.5609,82.0359,2016,12,20.8,15.8,28.8,24.9,59.2,12.6
STN_0002,16.5609,82.0359,2017,1,17.4,12.4,25.4,19.0,77.6,8.0
STN_0002,16.5609,82.0359,2017,2,18.9,13.9,26.9,14.5,78.1,2.1
STN_0002,16.5609,82.0359,2017,3,30.0,25.0,38.0,12.7,69.1,6.3
STN_0002,16.5609,82.0359,2017,4,26.9,21.9,34.9,11.3,60.3,9.8
STN_0002,16.5609,82.0359,2017,5,30.3,25.3,38.3,12.4,48.5,14.5
STN_0002,16.5609,82.0359,2017,6,27.0,22.0,35.0,202.8,91.0,9.6
STN_0002,16.5609,82.0359,2017,7,26.9,21.9,34.9,335.2,93.3,3.2
STN_0002,16.5609,82.0359,2017,8,23.8,18.8,31.8,82.0,73.6,14.5
STN_0002,16.5609,82.0359,2017,9,28.4,23.4,36.4,274.3,71.6,7.9
STN_0002,16.5609,82.0359,2017,10,22.0,17.0,30.0,55.8,46.5,3.9
STN_0002,16.5609,82.0359,2017,11,23.4,18.4,31.4,24.5,48.6,13.5
STN_0002,16.5609,82.0359,2017,12,19.2,14.2,27.2,15.5,60.1,11.9
STN_0002,16.5609,82.0359,2018,1,19.3,14.3,27.3,28.2,52.8,5.5
STN_0002,16.5609,82.0359,2018,2,19.0,14.0,27.0,9.3,69.3,7.3
STN_0002,16.5609,82.0359,2018,3,29.2,24.2,37.2,11.0,63.1,11.4
STN_0002,16.5609,82.0359,2018,4,32.8,27.8,40.8,11.3,54.2,5.3
STN_0002,16.5609,82.0359,2018,5,29.5,24.5,37.5,7.7,71.6,3.1
STN_0002,16.5609,82.0359,2018,6,24.9,19.9,32.9,36.3,84.8,12.0
STN_0002,16.5609,82.0359,2018,7,23.7,18.7,31.7,33.7,78.9,14.6
STN_0002,16.5609,82.0359,2018,8,24.0,19.0,32.0,29.7,70.8,3.9
STN_0002,16.5609,82.0359,2018,9,24.0,19.0,32.0,68.6,88.4,10.0
STN_0002,16.5609,82.0359,2018,10,24.1,19.1,32.1,59.9,74.3,14.5
STN_0002,16.5609,82.0359,2018,11,21.4,16.4,29.4,60.5,75.9,5.9
STN_0002,16.5609,82.0359,2018,12,19.7,14.7,27.7,8.2,49.1,2.2
STN_0002,16.5609,82.0359,2019,1,21.3,16.3,29.3,2.0,50.8,14.2
STN_0002,16.5609,82.0359,2019,2,19.4,14.4,27.4,0.1,65.5,12.0
STN_0002,16.5609,82.0359,2019,3,26.1,21.1,34.1,39.6,47.9,3.5
STN_0002,16.5609,82.0359,2019,4,37.7,32.7,45.7,9.8,46.8,12.3
STN_0002,16.5609,82.0359,2019,5,29.3,24.3,37.3,17.9,70.9,12.5
STN_0002,16.5609,82.0359,2019,6,24.3,19.3,32.3,5.1,74.9,14.6
STN_0002,16.5609,82.0359,2019,7,26.8,21.8,34.8,222.4,94.8,3.8
STN_0002,16.5609,82.0359,2019,8,25.9,20.9,33.9,431.4,84.4,10.6
STN_0002,16.5609,82.0359,2019,9,28.2,23.2,36.2,217.5,92.5,5.7
STN_0002,16.5609,82.0359,2019,10,22.5,17.5,30.5,38.1,55.7,9.6
STN_0002,16.5609,82.0359,2019,11,23.3,18.3,31.3,139.8,48.1,9.8
STN_0002,16.5609,82.0359,2019,12,16.7,11.7,24.7,17.9,55.3,6.5
STN_0002,16.5609,82.0359,2020,1,16.1,11.1,24.1,39.2,74.8,9.2
STN_0002,16.5609,82.0359,2020,2,17.7,12.7,25.7,34.8,77.2,7.3
STN_0002,16.5609,82.0359,2020,3,33.9,28.9,41.9,3.1,43.5,7.3
STN_0002,16.5609,82.0359,2020,4,34.3,29.3,42.3,8.0,56.9,2.4
STN_0002,16.5609,82.0359,2020,5,28.4,23.4,36.4,34.3,64.3,14.8
STN_0002,16.5609,82.0359,2020,6,22.7,17.7,30.7,902.7,79.0,11.0
STN_0002,16.5609,82.0359,2020,7,28.4,23.4,36.4,53.2,94.7,9.8
STN_0002,16.5609,82.0359,2020,8,28.9,23.9,36.9,323.5,71.4,13.0
STN_0002,16.5609,82.0359,2020,9,28.3,23.3,36.3,228.2,70.7,6.1
STN_0002,16.5609,82.0359,2020,10,25.3,20.3,33.3,19.1,57.8,8.1
STN_0002,16.5609,82.0359,2020,11,23.4,18.4,31.4,2.8,58.0,6.9
STN_0002,16.5609,82.0359,2020,12,16.7,11.7,24.7,15.4,61.6,10.7
STN_0002,16.5609,82.0359,2021,1,17.0,12.0,25.0,18.3,73.4,9.6
STN_0002,16.5609,82.0359,2021,2,18.7,13.7,26.7,4.4,41.4,13.8
STN_0002,16.5609,82.0359,2021,3,29.8,24.8,37.8,6.3,45.4,7.9
STN_0002,16.5609,82.0359,2021,4,28.6,23.6,36.6,5.4,67.2,10.5
STN_0002,16.5609,82.0359,2021,5,33.5,28.5,41.5,31.9,74.1,8.5
STN_0002,16.5609,82.0359,2021,6,24.6,19.6,32.6,126.6,78.7,2.5
STN_0002,16.5609,82.0359,2021,7,28.3,23.3,36.3,100.7,90.4,5.7
STN_0002,16.5609,82.0359,2021,8,28.4,23.4,36.4,294.5,81.6,2.1
STN_0002,16.5609,82.0359,2021,9,25.4,20.4,33.4,144.9,82.8,4.0
STN_0002,16.5609,82.0359,2021,10,25.9,20.9,33.9,116.8,64.3,5.7
STN_0002,16.5609,82.0359,2021,11,24.1,19.1,32.1,44.0,64.0,8.4
STN_0002,16.5609,82.0359,2021,12,18.3,13.3,26.3,8.5,54.7,4.4
STN_0002,16.5609,82.0359,2022,1,19.2,14.2,27.2,9.5,56.8,6.7
STN_0002,16.5609,82.0359,2022,2,16.7,11.7,24.7,14.3,57.3,10.2
STN_0002,16.5609,82.0359,2022,3,30.2,25.2,38.2,19.1,56.1,7.3
STN_0002,16.5609,82.0359,2022,4,33.7,28.7,41.7,20.5,40.0,7.2
STN_0002,16.5609,82.0359,2022,5,33.9,28.9,41.9,14.9,47.5,8.0
STN_0002,16.5609,82.0359,2022,6,24.8,19.8,32.8,74.5,76.1,7.2
STN_0002,16.5609,82.0359,2022,7,26.1,21.1,34.1,0.9,89.3,10.0
STN_0002,16.5609,82.0359,2022,8,29.4,24.4,37.4,235.3,90.5,12.7
STN_0002,16.5609,82.0359,2022,9,27.5,22.5,35.5,585.4,71.8,6.6
STN_0002,16.5609,82.0359,2022,10,24.6,19.6,32.6,128.0,75.7,13.2
STN_0002,16.5609,82.0359,2022,11,27.6,22.6,35.6,10.7,48.4,11.1
STN_0002,16.5609,82.0359,2022,12,17.5,12.5,25.5,49.9,77.4,8.5
STN_0003,30.3827,72.9071,2010,1,11.4,6.4,19.4,24.1,70.6,5.5
STN_0003,30.3827,72.9071,2010,2,13.7,8.7,21.7,2.1,41.1,4.1
STN_0003,30.3827,72.9071,2010,3,24.8,19.8,32.8,6.2,63.2,13.8
STN_0003,30.3827,72.9071,2010,4,17.7,12.7,25.7,24.3,41.0,13.0
STN_0003,30.3827,72.9071,2010,5,20.2,15.2,28.2,10.8,44.8,8.6
STN_0003,30.3827,72.9071,2010,6,14.2,9.2,22.2,286.4,74.1,14.6
STN_0003,30.3827,72.9071,2010,7,19.7,14.7,27.7,456.0,88.2,4.8
STN_0003,30.3827,72.9071,2010,8,21.9,16.9,29.9,86.5,81.4,4.1
STN_0003,30.3827,72.9071,2010,9,22.2,17.2,30.2,63.2,76.7,4.2
STN_0003,30.3827,72.9071,2010,10,18.4,13.4,26.4,79.3,78.9,5.2
STN_0003,30.3827,72.9071,2010,11,14.3,9.3,22.3,0.7,59.9,14.4
STN_0003,30.3827,72.9071,2010,12,11.3,6.3,19.3,24.6,61.0,4.9
STN_0003,30.3827,72.9071,2011,1,10.9,5.9,18.9,2.9,72.6,6.7
STN_0003,30.3827,72.9071,2011,2,11.5,6.5,19.5,54.8,52.5,2.1
STN_0003,30.3827,72.9071,2011,3,18.2,13.2,26.2,36.9,74.6,3.0
STN_0003,30.3827,72.9071,2011,4,19.9,14.9,27.9,37.8,63.8,3.9
STN_0003,30.3827,72.9071,2011,5,28.7,23.7,36.7,15.8,47.2,6.1
STN_0003,30.3827,72.9071,2011,6,14.9,9.9,22.9,166.1,84.6,13.9
STN_0003,30.3827,72.9071,2011,7,20.9,15.9,28.9,50.8,87.1,9.4
STN_0003,30.3827,72.9071,2011,8,19.8,14.8,27.8,52.9,81.6,12.8
STN_0003,30.3827,72.9071,2011,9,15.2,10.2,23.2,24.5,70.9,2.6
STN_0003,30.3827,72.9071,2011,10,19.8,14.8,27.8,3.4,44.2,4.2
STN_0003,30.3827,72.9071,2011,11,16.4,11.4,24.4,28.9,74.7,6.0
STN_0003,30.3827,72.9071,2011,12,9.3,4.3,17.3,4.9,43.1,3.7
STN_0003,30.3827,72.9071,2012,1,11.0,6.0,19.0,6.6,43.9,5.8
STN_0003,30.3827,72.9071,2012,2,11.2,6.2,19.2,0.1,68.2,5.4
STN_0003,30.3827,72.9071,2012,3,20.9,15.9,28.9,18.5,59.0,3.7
STN_0003,30.3827,72.9071,2012,4,23.8,18.8,31.8,24.0,75.6,4.8
STN_0003,30.3827,72.9071,2012,5,24.7,19.7,32.7,7.5,42.1,5.6
STN_0003,30.3827,72.9071,2012,6,20.6,15.6,28.6,32.8,83.7,2.8
STN_0003,30.3827,72.9071,2012,7,20.0,15.0,28.0,241.8,70.9,12.7
STN_0003,30.3827,72.9071,2012,8,19.9,14.9,27.9,72.5,76.5,5.1
STN_0003,30.3827,72.9071,2012,9,18.1,13.1,26.1,100.1,85.1,6.5
STN_0003,30.3827,72.9071,2012,10,16.7,11.7,24.7,18.8,60.5,6.3
STN_0003,30.3827,72.9071,2012,11,15.3,10.3,23.3,23.4,60.2,4.0
STN_0003,30.3827,72.9071,2012,12,10.2,5.2,18.2,8.1,47.9,10.1
STN_0003,30.3827,72.9071,2013,1,10.2,5.2,18.2,0.3,48.8,12.4
STN_0003,30.3827,72.9071,2013,2,11.7,6.7,19.7,5.3,47.2,5.4
STN_0003,30.3827,72.9071,2013,3,24.3,19.3,32.3,8.6,40.7,4.9
STN_0003,30.3827,72.9071,2013,4,22.1,17.1,30.1,40.7,58.1,5.6
STN_0003,30.3827,72.9071,2013,5,23.9,18.9,31.9,45.8,40.1,14.3
STN_0003,30.3827,72.9071,2013,6,19.0,14.0,27.0,113.0,75.2,13.7
STN_0003,30.3827,72.9071,2013,7,18.8,13.8,26.8,235.8,94.6,8.4
STN_0003,30.3827,72.9071,2013,8,18.7,13.7,26.7,1000.0,91.3,6.3
STN_0003,30.3827,72.9071,2013,9,19.8,14.8,27.8,117.5,90.6,10.9
STN_0003,30.3827,72.9071,2013,10,18.7,13.7,26.7,22.4,60.6,13.0
STN_0003,30.3827,72.9071,2013,11,14.8,9.8,22.8,40.6,43.6,2.8
STN_0003,30.3827,72.9071,2013,12,12.2,7.2,20.2,27.9,49.9,10.4
STN_0003,30.3827,72.9071,2014,1,7.3,2.3,15.3,9.1,68.3,9.8
STN_0003,30.3827,72.9071,2014,2,12.6,7.6,20.6,26.1,61.7,7.3
STN_0003,30.3827,72.9071,2014,3,25.0,20.0,33.0,6.2,77.2,11.6
STN_0003,30.3827,72.9071,2014,4,21.5,16.5,29.5,11.4,70.5,12.7
STN_0003,30.3827,72.9071,2014,5,24.9,19.9,32.9,6.1,57.3,9.1
STN_0003,30.3827,72.9071,2014,6,16.5,11.5,24.5,394.4,78.3,7.7
STN_0003,30.3827,72.9071,2014,7,17.1,12.1,25.1,151.6,81.0,13.2
STN_0003,30.3827,72.9071,2014,8,17.7,12.7,25.7,234.4,91.2,14.9
STN_0003,30.3827,72.9071,2014,9,17.8,12.8,25.8,308.8,80.6,9.0
STN_0003,30.3827,72.9071,2014,10,14.1,9.1,22.1,56.4,48.4,11.7
STN_0003,30.3827,72.9071,2014,11,18.2,13.2,26.2,11.4,52.9,12.0
STN_0003,30.3827,72.9071,2014,12,11.6,6.6,19.6,17.6,48.4,6.5
STN_0003,30.3827,72.9071,2015,1,14.0,9.0,22.0,39.7,48.4,14.3
STN_0003,30.3827,72.9071,2015,2,14.1,9.1,22.1,9.8,57.9,9.3
STN_0003,30.3827,72.9071,2015,3,18.6,13.6,26.6,96.7,79.2,13.8
STN_0003,30.3827,72.9071,2015,4,23.8,18.8,31.8,56.4,54.5,8.9
STN_0003,30.3827,72.9071,2015,5,23.6,18.6,31.6,13.8,52.7,4.9
STN_0003,30.3827,72.9071,2015,6,19.8,14.8,27.8,179.2,82.8,3.8
STN_0003,30.3827,72.9071,2015,7,17.8,12.8,25.8,175.1,72.1,2.3
STN_0003,30.3827,72.9071,2015,8,20.0,15.0,28.0,75.4,85.1,5.4
STN_0003,30.3827,72.9071,2015,9,19.3,14.3,27.3,56.9,77.3,12.3
STN_0003,30.3827,72.9071,2015,10,19.0,14.0,27.0,97.5,58.1,8.7
STN_0003,30.3827,72.9071,2015,11,16.1,11.1,24.1,30.7,47.0,10.9
STN_0003,30.3827,72.9071,2015,12,11.6,6.6,19.6,57.9,63.2,10.1
STN_0003,30.3827,72.9071,2016,1,12.2,7.2,20.2,69.8,64.9,14.7
STN_0003,30.3827,72.9071,2016,2,10.2,5.2,18.2,13.9,57.6,3.4
STN_0003,30.3827,72.9071,2016,3,30.2,25.2,38.2,0.6,74.3,10.0
STN_0003,30.3827,72.9071,2016,4,23.1,18.1,31.1,24.3,76.3,4.2
STN_0003,30.3827,72.9071,2016,5,24.7,19.7,32.7,6.9,58.0,5.0
STN_0003,30.3827,72.9071,2016,6,19.7,14.7,27.7,27.9,70.6,12.9
STN_0003,30.3827,72.9071,2016,7,21.1,16.1,29.1,11.7,75.1,10.6
STN_0003,30.3827,72.9071,2016,8,19.2,14.2,27.2,19.2,94.6,6.0
STN_0003,30.3827,72.9071,2016,9,19.1,14.1,27.1,26.5,83.3,14.8
STN_0003,30.3827,72.9071,2016,10,19.3,14.3,27.3,15.1,47.7,2.4
STN_0003,30.3827,72.9071,2016,11,16.6,11.6,24.6,17.2,53.4,5.4
STN_0003,30.3827,72.9071,2016,12,12.0,7.0,20.0,17.8,51.4,12.3
STN_0003,30.3827,72.9071,2017,1,9.6,4.6,17.6,5.7,48.8,12.3
STN_0003,30.3827,72.9071,2017,2,9.8,4.8,17.8,76.8,73.2,6.0
STN_0003,30.3827,72.9071,2017,3,25.2,20.2,33.2,21.1,40.3,10.6
STN_0003,30.3827,72.9071,2017,4,27.5,22.5,35.5,40.1,59.9,13.5
STN_0003,30.3827,72.9071,2017,5,26.3,21.3,34.3,60.5,51.9,12.2
STN_0003,30.3827,72.9071,2017,6,17.9,12.9,25.9,24.1,85.1,10.2
STN_0003,30.3827,72.9071,2017,7,16.1,11.1,24.1,45.6,84.3,13.3
STN_0003,30.3827,72.9071,2017,8,16.1,11.1,24.1,554.0,82.3,12.9
STN_0003,30.3827,72.9071,2017,9,16.0,11.0,24.0,473.7,82.4,13.5
STN_0003,30.3827,72.9071,2017,10,15.6,10.6,23.6,10.5,63.8,8.5
STN_0003,30.3827,72.9071,2017,11,18.7,13.7,26.7,81.0,76.3,10.9
STN_0003,30.3827,72.9071,2017,12,11.9,6.9,19.9,14.1,54.9,12.0
STN_0003,30.3827,72.9071,2018,1,9.1,4.1,17.1,24.6,43.9,11.2
STN_0003,30.3827,72.9071,2018,2,8.2,3.2,16.2,20.5,45.4,14.9
STN_0003,30.3827,72.9071,2018,3,23.1,18.1,31.1,42.6,49.4,9.7
STN_0003,30.3827,72.9071,2018,4,28.0,23.0,36.0,25.6,45.1,8.6
STN_0003,30.3827,72.9071,2018,5,19.4,14.4,27.4,27.1,41.3,4.7
STN_0003,30.3827,72.9071,2018,6,22.9,17.9,30.9,978.1,92.2,11.3
STN_0003,30.3827,72.9071,2018,7,18.2,13.2,26.2,72.1,94.1,11.7
STN_0003,30.3827,72.9071,2018,8,20.5,15.5,28.5,160.8,82.1,2.3
STN_0003,30.3827,72.9071,2018,9,19.6,14.6,27.6,162.4,88.9,2.9
STN_0003,30.3827,72.9071,2018,10,17.3,12.3,25.3,51.3,75.2,5.0
STN_0003,30.3827,72.9071,2018,11,17.6,12.6,25.6,41.4,61.9,3.5
STN_0003,30.3827,72.9071,2018,12,13.0,8.0,21.0,39.5,73.8,3.1
STN_0003,30.3827,72.9071,2019,1,10.3,5.3,18.3,7.0,67.6,2.3
STN_0003,30.3827,72.9071,2019,2,9.0,4.0,17.0,41.3,79.6,7.4
STN_0003,30.3827,72.9071,2019,3,20.4,15.4,28.4,20.0,62.3,14.6
STN_0003,30.3827,72.9071,2019,4,23.7,18.7,31.7,19.8,40.8,7.6
STN_0003,30.3827,72.9071,2019,5,26.5,21.5,34.5,13.1,40.6,3.9
STN_0003,30.3827,72.9071,2019,6,21.9,16.9,29.9,472.1,72.1,7.4
STN_0003,30.3827,72.9071,2019,7,19.3,14.3,27.3,248.4,88.6,3.0
STN_0003,30.3827,72.9071,2019,8,17.2,12.2,25.2,174.0,83.4,2.1
STN_0003,30.3827,72.9071,2019,9,18.2,13.2,26.2,96.9,76.8,12.6
STN_0003,30.3827,72.9071,2019,10,16.4,11.4,24.4,13.8,71.6,14.8
STN_0003,30.3827,72.9071,2019,11,18.2,13.2,26.2,19.3,42.0,11.4
STN_0003,30.3827,72.9071,2019,12,9.1,4.1,17.1,16.6,43.3,10.8
STN_0003,30.3827,72.9071,2020,1,13.2,8.2,21.2,24.8,48.2,12.3
STN_0003,30.3827,72.9071,2020,2,11.5,6.5,19.5,8.1,41.2,14.3
STN_0003,30.3827,72.9071,2020,3,25.5,20.5,33.5,9.6,66.2,5.2
STN_0003,30.3827,72.9071,2020,4,24.8,19.8,32.8,1.9,73.9,4.1
STN_0003,30.3827,72.9071,2020,5,23.0,18.0,31.0,23.9,54.9,6.5
STN_0003,30.3827,72.9071,2020,6,20.4,15.4,28.4,88.2,73.5,6.7
STN_0003,30.3827,72.9071,2020,7,20.8,15.8,28.8,207.2,70.0,13.2
STN_0003,30.3827,72.9071,2020,8,17.6,12.6,25.6,16.3,88.1,7.2
STN_0003,30.3827,72.9071,2020,9,23.0,18.0,31.0,68.2,78.3,2.4
STN_0003,30.3827,72.9071,2020,10,19.9,14.9,27.9,86.1,73.0,2.9
STN_0003,30.3827,72.9071,2020,11,17.4,12.4,25.4,134.1,74.5,3.5
STN_0003,30.3827,72.9071,2020,12,10.9,5.9,18.9,11.6,68.1,11.1
STN_0003,30.3827,72.9071,2021,1,12.3,7.3,20.3,23.2,75.7,9.6
STN_0003,30.3827,72.9071,2021,2,12.4,7.4,20.4,19.0,66.9,9.2
STN_0003,30.3827,72.9071,2021,3,21.6,16.6,29.6,16.5,59.0,6.2
STN_0003,30.3827,72.9071,2021,4,22.0,17.0,30.0,59.2,78.1,14.0
STN_0003,30.3827,72.9071,2021,5,22.2,17.2,30.2,46.9,44.1,7.2
STN_0003,30.3827,72.9071,2021,6,18.5,13.5,26.5,497.2,94.4,14.1
STN_0003,30.3827,72.9071,2021,7,19.3,14.3,27.3,139.9,85.4,14.0
STN_0003,30.3827,72.9071,2021,8,19.4,14.4,27.4,164.2,85.7,7.1
STN_0003,30.3827,72.9071,2021,9,19.1,14.1,27.1,56.6,70.4,5.4
STN_0003,30.3827,72.9071,2021,10,19.6,14.6,27.6,27.7,47.7,5.9
STN_0003,30.3827,72.9071,2021,11,14.8,9.8,22.8,21.9,51.8,3.3
STN_0003,30.3827,72.9071,2021,12,8.9,3.9,16.9,46.5,43.5,2.1
STN_0003,30.3827,72.9071,2022,1,8.1,3.1,16.1,25.7,53.6,13.2
STN_0003,30.3827,72.9071,2022,2,9.0,4.0,17.0,43.6,58.8,2.1
STN_0003,30.3827,72.9071,2022,3,20.6,15.6,28.6,6.0,69.5,10.9
STN_0003,30.3827,72.9071,2022,4,25.6,20.6,33.6,11.2,45.2,13.8
STN_0003,30.3827,72.9071,2022,5,25.8,20.8,33.8,35.0,62.9,14.4
STN_0003,30.3827,72.9071,2022,6,19.2,14.2,27.2,102.0,89.5,11.6
STN_0003,30.3827,72.9071,2022,7,20.0,15.0,28.0,266.1,77.7,9.3
STN_0003,30.3827,72.9071,2022,8,19.9,14.9,27.9,490.2,91.0,9.6
STN_0003,30.3827,72.9071,2022,9,18.7,13.7,26.7,235.5,85.4,3.0
STN_0003,30.3827,72.9071,2022,10,14.5,9.5,22.5,54.7,69.6,10.0
STN_0003,30.3827,72.9071,2022,11,17.6,12.6,25.6,201.1,49.7,10.7
STN_0003,30.3827,72.9071,2022,12,8.0,3.0,16.0,10.7,79.8,10.7
STN_0004,26.9418,80.6322,2010,1,10.8,5.8,18.8,9.7,58.6,10.8
STN_0004,26.9418,80.6322,2010,2,10.6,5.6,18.6,37.0,71.4,12.6
STN_0004,26.9418,80.6322,2010,3,22.1,17.1,30.1,33.4,55.6,8.6
STN_0004,26.9418,80.6322,2010,4,25.7,20.7,33.7,3.6,54.5,13.3
STN_0004,26.9418,80.6322,2010,5,24.4,19.4,32.4,9.1,59.3,6.1
STN_0004,26.9418,80.6322,2010,6,19.4,14.4,27.4,1.0,74.0,14.2
STN_0004,26.9418,80.6322,2010,7,22.0,17.0,30.0,58.9,74.9,8.0
STN_0004,26.9418,80.6322,2010,8,19.3,14.3,27.3,39.3,91.9,4.2
STN_0004,26.9418,80.6322,2010,9,17.7,12.7,25.7,32.5,89.6,10.8
STN_0004,26.9418,80.6322,2010,10,14.1,9.1,22.1,10.2,73.2,11.0
STN_0004,26.9418,80.6322,2010,11,15.9,10.9,23.9,46.2,47.7,12.1
STN_0004,26.9418,80.6322,2010,12,15.5,10.5,23.5,46.0,60.0,11.7
STN_0004,26.9418,80.6322,2011,1,11.7,6.7,19.7,6.2,54.3,12.5
STN_0004,26.9418,80.6322,2011,2,12.7,7.7,20.7,1.8,68.4,3.2
STN_0004,26.9418,80.6322,2011,3,27.8,22.8,35.8,2.3,53.8,11.8
STN_0004,26.9418,80.6322,2011,4,26.3,21.3,34.3,11.1,69.9,4.5
STN_0004,26.9418,80.6322,2011,5,25.1,20.1,33.1,7.9,56.7,4.7
STN_0004,26.9418,80.6322,2011,6,21.4,16.4,29.4,22.6,70.1,12.4
STN_0004,26.9418,80.6322,2011,7,20.3,15.3,28.3,48.5,89.1,11.5
STN_0004,26.9418,80.6322,2011,8,20.3,15.3,28.3,632.5,72.2,12.9
STN_0004,26.9418,80.6322,2011,9,20.8,15.8,28.8,101.9,70.8,6.9
STN_0004,26.9418,80.6322,2011,10,19.1,14.1,27.1,0.2,65.3,3.3
STN_0004,26.9418,80.6322,2011,11,20.8,15.8,28.8,29.3,46.1,10.5
STN_0004,26.9418,80.6322,2011,12,13.9,8.9,21.9,22.0,57.1,6.9
STN_0004,26.9418,80.6322,2012,1,11.1,6.1,19.1,27.7,54.5,2.4
STN_0004,26.9418,80.6322,2012,2,14.5,9.5,22.5,0.8,49.9,3.7
STN_0004,26.9418,80.6322,2012,3,26.0,21.0,34.0,5.1,43.8,13.3
STN_0004,26.9418,80.6322,2012,4,23.8,18.8,31.8,16.9,68.0,12.6
STN_0004,26.9418,80.6322,2012,5,23.6,18.6,31.6,37.4,44.4,5.0
STN_0004,26.9418,80.6322,2012,6,24.3,19.3,32.3,150.3,74.9,4.4
STN_0004,26.9418,80.6322,2012,7,20.2,15.2,28.2,17.2,82.9,3.1
STN_0004,26.9418,80.6322,2012,8,22.3,17.3,30.3,328.9,93.5,5.1
STN_0004,26.9418,80.6322,2012,9,16.7,11.7,24.7,87.3,77.0,2.9
STN_0004,26.9418,80.6322,2012,10,21.5,16.5,29.5,107.1,59.3,4.7
STN_0004,26.9418,80.6322,2012,11,19.4,14.4,27.4,87.5,68.5,11.9
STN_0004,26.9418,80.6322,2012,12,12.4,7.4,20.4,0.2,77.4,8.3
STN_0004,26.9418,80.6322,2013,1,10.6,5.6,18.6,2.6,64.2,12.5
STN_0004,26.9418,80.6322,2013,2,13.7,8.7,21.7,2.5,66.3,11.1
STN_0004,26.9418,80.6322,2013,3,22.6,17.6,30.6,18.5,77.1,7.9
STN_0004,26.9418,80.6322,2013,4,22.1,17.1,30.1,10.5,70.7,2.2
STN_0004,26.9418,80.6322,2013,5,25.4,20.4,33.4,5.9,53.8,15.0
STN_0004,26.9418,80.6322,2013,6,20.5,15.5,28.5,225.8,79.9,2.2
STN_0004,26.9418,80.6322,2013,7,21.1,16.1,29.1,90.3,72.3,3.6
STN_0004,26.9418,80.6322,2013,8,22.7,17.7,30.7,44.0,89.5,8.4
STN_0004,26.9418,80.6322,2013,9,22.2,17.2,30.2,395.9,79.0,4.5
STN_0004,26.9418,80.6322,2013,10,16.7,11.7,24.7,48.1,63.7,3.5
STN_0004,26.9418,80.6322,2013,11,21.6,16.6,29.6,38.7,68.7,2.8
STN_0004,26.9418,80.6322,2013,12,11.5,6.5,19.5,17.9,40.5,9.1
STN_0004,26.9418,80.6322,2014,1,13.3,8.3,21.3,1.0,40.7,9.5
STN_0004,26.9418,80.6322,2014,2,13.2,8.2,21.2,22.1,60.0,3.3
STN_0004,26.9418,80.6322,2014,3,21.3,16.3,29.3,27.9,55.4,11.4
STN_0004,26.9418,80.6322,2014,4,21.1,16.1,29.1,59.8,64.5,4.5
STN_0004,26.9418,80.6322,2014,5,28.7,23.7,36.7,5.3,50.2,12.7
STN_0004,26.9418,80.6322,2014,6,19.2,14.2,27.2,129.4,87.1,8.7
STN_0004,26.9418,80.6322,2014,7,21.1,16.1,29.1,39.4,73.6,14.7
STN_0004,26.9418,80.6322,2014,8,22.8,17.8,30.8,220.1,75.7,7.3
STN_0004,26.9418,80.6322,2014,9,20.1,15.1,28.1,180.1,85.4,10.7
STN_0004,26.9418,80.6322,2014,10,17.7,12.7,25.7,6.4,47.6,5.4
STN_0004,26.9418,80.6322,2014,11,18.9,13.9,26.9,22.2,69.6,10.8
STN_0004,26.9418,80.6322,2014,12,12.6,7.6,20.6,7.9,66.3,8.9
STN_0004,26.9418,80.6322,2015,1,13.5,8.5,21.5,8.6,45.4,3.8
STN_0004,26.9418,80.6322,2015,2,10.8,5.8,18.8,50.0,56.8,7.6
STN_0004,26.9418,80.6322,2015,3,20.4,15.4,28.4,16.2,57.9,7.2
STN_0004,26.9418,80.6322,2015,4,26.8,21.8,34.8,19.3,54.9,7.3
STN_0004,26.9418,80.6322,2015,5,29.0,24.0,37.0,17.1,41.2,9.2
STN_0004,26.9418,80.6322,2015,6,19.9,14.9,27.9,107.6,89.7,12.0
STN_0004,26.9418,80.6322,2015,7,23.5,18.5,31.5,85.7,85.1,13.8
STN_0004,26.9418,80.6322,2015,8,21.0,16.0,29.0,54.0,84.4,2.4
STN_0004,26.9418,80.6322,2015,9,19.2,14.2,27.2,403.3,89.6,5.5
STN_0004,26.9418,80.6322,2015,10,19.4,14.4,27.4,154.4,68.4,5.1
STN_0004,26.9418,80.6322,2015,11,18.7,13.7,26.7,46.7,59.2,10.5
STN_0004,26.9418,80.6322,2015,12,13.2,8.2,21.2,0.3,56.6,3.2
STN_0004,26.9418,80.6322,2016,1,13.7,8.7,21.7,1.2,47.6,13.5
STN_0004,26.9418,80.6322,2016,2,12.9,7.9,20.9,36.2,76.0,3.1
STN_0004,26.9418,80.6322,2016,3,29.5,24.5,37.5,46.9,40.9,12.9
STN_0004,26.9418,80.6322,2016,4,24.4,19.4,32.4,9.0,44.1,8.8
STN_0004,26.9418,80.6322,2016,5,25.7,20.7,33.7,10.5,47.4,12.5
STN_0004,26.9418,80.6322,2016,6,23.5,18.5,31.5,90.8,82.3,5.2
STN_0004,26.9418,80.6322,2016,7,21.2,16.2,29.2,1.1,93.7,13.5
STN_0004,26.9418,80.6322,2016,8,18.6,13.6,26.6,226.7,76.9,5.1
STN_0004,26.9418,80.6322,2016,9,22.4,17.4,30.4,27.7,74.0,13.1
STN_0004,26.9418,80.6322,2016,10,19.1,14.1,27.1,67.1,77.1,9.4
STN_0004,26.9418,80.6322,2016,11,19.7,14.7,27.7,5.4,79.7,10.7
STN_0004,26.9418,80.6322,2016,12,11.7,6.7,19.7,7.0,71.5,3.6
STN_0004,26.9418,80.6322,2017,1,11.7,6.7,19.7,1.5,62.1,9.2
STN_0004,26.9418,80.6322,2017,2,15.2,10.2,23.2,1.9,63.4,8.3
STN_0004,26.9418,80.6322,2017,3,27.4,22.4,35.4,9.1,43.8,8.9
STN_0004,26.9418,80.6322,2017,4,23.0,18.0,31.0,2.0,58.0,2.6
STN_0004,26.9418,80.6322,2017,5,23.9,18.9,31.9,28.6,60.1,11.2
STN_0004,26.9418,80.6322,2017,6,20.7,15.7,28.7,269.8,93.5,2.1
STN_0004,26.9418,80.6322,2017,7,24.2,19.2,32.2,54.8,92.6,11.1
STN_0004,26.9418,80.6322,2017,8,23.5,18.5,31.5,102.6,85.0,10.2
STN_0004,26.9418,80.6322,2017,9,25.0,20.0,33.0,91.0,79.6,5.0
STN_0004,26.9418,80.6322,2017,10,19.2,14.2,27.2,30.9,64.5,10.4
STN_0004,26.9418,80.6322,2017,11,24.0,19.0,32.0,25.6,71.9,3.0
STN_0004,26.9418,80.6322,2017,12,15.7,10.7,23.7,3.2,49.1,10.1
STN_0004,26.9418,80.6322,2018,1,9.3,4.3,17.3,15.4,48.4,7.4
STN_0004,26.9418,80.6322,2018,2,13.0,8.0,21.0,30.3,50.6,3.2
STN_0004,26.9418,80.6322,2018,3,29.8,24.8,37.8,7.0,42.9,6.4
STN_0004,26.9418,80.6322,2018,4,21.0,16.0,29.0,4.0,42.7,7.0
STN_0004,26.9418,80.6322,2018,5,28.6,23.6,36.6,68.0,66.2,12.4
STN_0004,26.9418,80.6322,2018,6,23.2,18.2,31.2,174.4,84.1,8.9
STN_0004,26.9418,80.6322,2018,7,22.6,17.6,30.6,97.2,85.5,12.5
STN_0004,26.9418,80.6322,2018,8,18.2,13.2,26.2,66.7,87.5,3.1
STN_0004,26.9418,80.6322,2018,9,21.6,16.6,29.6,188.1,85.0,3.5
STN_0004,26.9418,80.6322,2018,10,16.6,11.6,24.6,67.4,75.9,12.7
STN_0004,26.9418,80.6322,2018,11,17.3,12.3,25.3,31.2,49.2,9.8
STN_0004,26.9418,80.6322,2018,12,11.8,6.8,19.8,12.3,60.5,14.1
STN_0004,26.9418,80.6322,2019,1,12.3,7.3,20.3,11.6,50.2,8.9
STN_0004,26.9418,80.6322,2019,2,13.8,8.8,21.8,16.3,44.2,9.1
STN_0004,26.9418,80.6322,2019,3,23.2,18.2,31.2,6.7,47.7,3.1
STN_0004,26.9418,80.6322,2019,4,26.5,21.5,34.5,38.0,68.6,7.2
STN_0004,26.9418,80.6322,2019,5,26.1,21.1,34.1,20.7,69.8,6.0
STN_0004,26.9418,80.6322,2019,6,21.0,16.0,29.0,247.1,83.7,3.3
STN_0004,26.9418,80.6322,2019,7,20.5,15.5,28.5,133.7,71.5,11.8
STN_0004,26.9418,80.6322,2019,8,20.9,15.9,28.9,92.0,71.3,4.6
STN_0004,26.9418,80.6322,2019,9,19.8,14.8,27.8,192.8,87.7,11.2
STN_0004,26.9418,80.6322,2019,10,16.5,11.5,24.5,30.4,40.6,5.3
STN_0004,26.9418,80.6322,2019,11,22.7,17.7,30.7,57.5,63.0,11.7
STN_0004,26.9418,80.6322,2019,12,13.0,8.0,21.0,1.1,47.2,15.0
STN_0004,26.9418,80.6322,2020,1,11.2,6.2,19.2,30.6,63.7,8.8
STN_0004,26.9418,80.6322,2020,2,11.5,6.5,19.5,1.9,72.1,8.1
STN_0004,26.9418,80.6322,2020,3,28.8,23.8,36.8,46.1,58.7,8.9
STN_0004,26.9418,80.6322,2020,4,23.5,18.5,31.5,1.8,50.5,13.5
STN_0004,26.9418,80.6322,2020,5,27.0,22.0,35.0,38.5,44.8,14.6
STN_0004,26.9418,80.6322,2020,6,22.0,17.0,30.0,276.1,91.2,13.6
STN_0004,26.9418,80.6322,2020,7,19.3,14.3,27.3,45.6,84.8,3.1
STN_0004,26.9418,80.6322,2020,8,21.0,16.0,29.0,182.2,86.9,2.0
STN_0004,26.9418,80.6322,2020,9,19.4,14.4,27.4,19.0,72.4,4.8
STN_0004,26.9418,80.6322,2020,10,23.8,18.8,31.8,38.2,54.8,8.9
STN_0004,26.9418,80.6322,2020,11,18.2,13.2,26.2,27.2,67.8,13.3
STN_0004,26.9418,80.6322,2020,12,16.7,11.7,24.7,30.9,71.2,12.7
STN_0004,26.9418,80.6322,2021,1,14.1,9.1,22.1,6.6,49.1,12.3
STN_0004,26.9418,80.6322,2021,2,11.1,6.1,19.1,3.5,44.0,5.6
STN_0004,26.9418,80.6322,2021,3,27.1,22.1,35.1,24.7,74.7,15.0
STN_0004,26.9418,80.6322,2021,4,24.4,19.4,32.4,4.5,51.4,3.4
STN_0004,26.9418,80.6322,2021,5,22.6,17.6,30.6,39.7,42.3,7.5
STN_0004,26.9418,80.6322,2021,6,20.3,15.3,28.3,60.9,86.8,13.7
STN_0004,26.9418,80.6322,2021,7,18.5,13.5,26.5,20.8,70.7,8.1
STN_0004,26.9418,80.6322,2021,8,22.8,17.8,30.8,119.9,85.9,13.8
STN_0004,26.9418,80.6322,2021,9,21.9,16.9,29.9,129.1,94.7,2.4
STN_0004,26.9418,80.6322,2021,10,17.4,12.4,25.4,53.9,43.8,9.9
STN_0004,26.9418,80.6322,2021,11,16.8,11.8,24.8,32.9,44.8,10.9
STN_0004,26.9418,80.6322,2021,12,14.6,9.6,22.6,1.1,46.1,9.0
STN_0004,26.9418,80.6322,2022,1,12.0,7.0,20.0,46.4,75.8,2.7
STN_0004,26.9418,80.6322,2022,2,13.8,8.8,21.8,7.3,71.6,12.1
STN_0004,26.9418,80.6322,2022,3,23.5,18.5,31.5,17.3,71.1,11.5
STN_0004,26.9418,80.6322,2022,4,29.2,24.2,37.2,28.3,48.1,5.5
STN_0004,26.9418,80.6322,2022,5,29.2,24.2,37.2,4.2,45.8,12.5
STN_0004,26.9418,80.6322,2022,6,22.1,17.1,30.1,37.4,77.4,3.4
STN_0004,26.9418,80.6322,2022,7,24.6,19.6,32.6,199.1,91.5,12.2
STN_0004,26.9418,80.6322,2022,8,25.9,20.9,33.9,48.9,73.0,13.5
STN_0004,26.9418,80.6322,2022,9,21.6,16.6,29.6,71.4,82.7,8.1
STN_0004,26.9418,80.6322,2022,10,18.3,13.3,26.3,121.4,53.8,13.9
STN_0004,26.9418,80.6322,2022,11,19.6,14.6,27.6,0.1,48.8,7.0
STN_0004,26.9418,80.6322,2022,12,12.7,7.7,20.7,6.9,60.3,9.1
STN_0005,36.53,77.9776,2010,1,7.9,2.9,15.9,61.6,60.2,10.5
STN_0005,36.53,77.9776,2010,2,9.5,4.5,17.5,19.9,75.9,7.4
STN_0005,36.53,77.9776,2010,3,25.9,20.9,33.9,22.0,50.0,11.4
STN_0005,36.53,77.9776,2010,4,21.6,16.6,29.6,10.3,55.8,7.1
STN_0005,36.53,77.9776,2010,5,18.5,13.5,26.5,23.4,42.1,7.1
STN_0005,36.53,77.9776,2010,6,18.3,13.3,26.3,148.2,82.4,2.3
STN_0005,36.53,77.9776,2010,7,12.8,7.8,20.8,214.7,79.3,11.3
STN_0005,36.53,77.9776,2010,8,18.2,13.2,26.2,45.4,87.1,13.8
STN_0005,36.53,77.9776,2010,9,15.2,10.2,23.2,26.8,93.6,7.6
STN_0005,36.53,77.9776,2010,10,11.8,6.8,19.8,111.0,66.2,13.2
STN_0005,36.53,77.9776,2010,11,13.3,8.3,21.3,61.9,58.2,8.0
STN_0005,36.53,77.9776,2010,12,7.6,2.6,15.6,3.3,54.3,12.7
STN_0005,36.53,77.9776,2011,1,10.1,5.1,18.1,0.5,60.2,6.3
STN_0005,36.53,77.9776,2011,2,4.7,-0.3,12.7,27.1,77.8,6.6
STN_0005,36.53,77.9776,2011,3,18.6,13.6,26.6,12.2,67.9,8.1
STN_0005,36.53,77.9776,2011,4,27.5,22.5,35.5,20.5,57.0,3.9
STN_0005,36.53,77.9776,2011,5,25.6,20.6,33.6,9.9,74.5,5.8
STN_0005,36.53,77.9776,2011,6,14.1,9.1,22.1,245.9,79.8,4.3
STN_0005,36.53,77.9776,2011,7,16.0,11.0,24.0,308.6,94.5,5.7
STN_0005,36.53,77.9776,2011,8,14.1,9.1,22.1,41.9,89.4,6.9
STN_0005,36.53,77.9776,2011,9,17.5,12.5,25.5,121.5,94.1,10.1
STN_0005,36.53,77.9776,2011,10,12.0,7.0,20.0,33.6,71.6,4.1
STN_0005,36.53,77.9776,2011,11,12.4,7.4,20.4,37.3,66.9,3.4
STN_0005,36.53,77.9776,2011,12,9.1,4.1,17.1,24.1,45.5,5.4
STN_0005,36.53,77.9776,2012,1,8.6,3.6,16.6,4.2,75.5,10.5
STN_0005,36.53,77.9776,2012,2,11.9,6.9,19.9,29.0,56.7,5.1
STN_0005,36.53,77.9776,2012,3,28.8,23.8,36.8,20.0,74.8,8.1
STN_0005,36.53,77.9776,2012,4,21.0,16.0,29.0,0.9,54.2,5.1
STN_0005,36.53,77.9776,2012,5,23.9,18.9,31.9,10.2,56.4,10.2
STN_0005,36.53,77.9776,2012,6,18.5,13.5,26.5,419.6,83.7,5.6
STN_0005,36.53,77.9776,2012,7,17.4,12.4,25.4,503.4,90.9,7.3
STN_0005,36.53,77.9776,2012,8,12.7,7.7,20.7,103.1,93.4,4.7
STN_0005,36.53,77.9776,2012,9,11.5,6.5,19.5,226.6,74.1,2.4
STN_0005,36.53,77.9776,2012,10,12.6,7.6,20.6,4.4,56.0,8.8
STN_0005,36.53,77.9776,2012,11,15.8,10.8,23.8,30.6,44.3,14.2
STN_0005,36.53,77.9776,2012,12,8.2,3.2,16.2,6.5,66.5,4.3
STN_0005,36.53,77.9776,2013,1,8.8,3.8,16.8,7.6,77.6,2.3
STN_0005,36.53,77.9776,2013,2,7.3,2.3,15.3,36.5,75.2,10.8
STN_0005,36.53,77.9776,2013,3,14.8,9.8,22.8,8.9,79.2,2.3
STN_0005,36.53,77.9776,2013,4,17.0,12.0,25.0,32.1,67.1,10.3
STN_0005,36.53,77.9776,2013,5,19.4,14.4,27.4,33.6,48.7,4.3
STN_0005,36.53,77.9776,2013,6,15.6,10.6,23.6,232.4,77.2,8.5
STN_0005,36.53,77.9776,2013,7,17.5,12.5,25.5,53.2,85.2,4.1
STN_0005,36.53,77.9776,2013,8,16.6,11.6,24.6,102.1,91.5,6.5
STN_0005,36.53,77.9776,2013,9,14.0,9.0,22.0,89.7,75.4,12.4
STN_0005,36.53,77.9776,2013,10,13.4,8.4,21.4,28.1,52.6,2.1
STN_0005,36.53,77.9776,2013,11,14.8,9.8,22.8,77.9,54.3,14.4
STN_0005,36.53,77.9776,2013,12,8.5,3.5,16.5,46.6,66.1,9.7
STN_0005,36.53,77.9776,2014,1,6.6,1.6,14.6,10.1,57.5,10.3
STN_0005,36.53,77.9776,2014,2,8.3,3.3,16.3,12.3,75.8,5.4
STN_0005,36.53,77.9776,2014,3,20.7,15.7,28.7,21.9,78.7,14.7
STN_0005,36.53,77.9776,2014,4,16.7,11.7,24.7,3.4,43.4,5.4
STN_0005,36.53,77.9776,2014,5,16.5,11.5,24.5,14.5,65.4,3.1
STN_0005,36.53,77.9776,2014,6,13.0,8.0,21.0,19.5,70.6,13.0
STN_0005,36.53,77.9776,2014,7,18.9,13.9,26.9,356.8,92.6,13.6
STN_0005,36.53,77.9776,2014,8,18.1,13.1,26.1,104.1,85.4,5.5
STN_0005,36.53,77.9776,2014,9,12.9,7.9,20.9,372.7,86.5,9.2
STN_0005,36.53,77.9776,2014,10,12.3,7.3,20.3,36.0,75.2,9.4
STN_0005,36.53,77.9776,2014,11,14.2,9.2,22.2,11.1,42.5,13.6
STN_0005,36.53,77.9776,2014,12,6.2,1.2,14.2,18.0,59.1,13.1
STN_0005,36.53,77.9776,2015,1,10.0,5.0,18.0,18.8,67.7,8.3
STN_0005,36.53,77.9776,2015,2,8.2,3.2,16.2,45.5,49.8,9.3
STN_0005,36.53,77.9776,2015,3,26.9,21.9,34.9,1.9,47.6,7.1
STN_0005,36.53,77.9776,2015,4,27.5,22.5,35.5,0.6,67.7,12.7
STN_0005,36.53,77.9776,2015,5,25.2,20.2,33.2,3.4,64.9,14.0
STN_0005,36.53,77.9776,2015,6,13.6,8.6,21.6,21.0,75.1,5.9
STN_0005,36.53,77.9776,2015,7,16.3,11.3,24.3,86.0,82.9,10.5
STN_0005,36.53,77.9776,2015,8,16.1,11.1,24.1,206.4,79.9,8.2
STN_0005,36.53,77.9776,2015,9,13.3,8.3,21.3,273.8,90.4,7.4
STN_0005,36.53,77.9776,2015,10,14.1,9.1,22.1,34.3,63.8,6.7
STN_0005,36.53,77.9776,2015,11,10.3,5.3,18.3,84.7,62.7,9.3
STN_0005,36.53,77.9776,2015,12,7.7,2.7,15.7,47.6,62.1,3.5
STN_0005,36.53,77.9776,2016,1,4.4,-0.6,12.4,14.7,47.5,13.9
STN_0005,36.53,77.9776,2016,2,11.2,6.2,19.2,1.2,56.2,9.8
STN_0005,36.53,77.9776,2016,3,21.4,16.4,29.4,2.4,42.4,13.9
STN_0005,36.53,77.9776,2016,4,20.9,15.9,28.9,58.0,40.5,13.1
STN_0005,36.53,77.9776,2016,5,17.7,12.7,25.7,4.7,77.3,8.5
STN_0005,36.53,77.9776,2016,6,15.8,10.8,23.8,198.3,85.3,11.6
STN_0005,36.53,77.9776,2016,7,13.4,8.4,21.4,927.9,78.3,10.1
STN_0005,36.53,77.9776,2016,8,15.8,10.8,23.8,737.1,81.2,12.0
STN_0005,36.53,77.9776,2016,9,14.3,9.3,22.3,98.3,93.9,7.0
STN_0005,36.53,77.9776,2016,10,14.8,9.8,22.8,8.2,73.9,11.2
STN_0005,36.53,77.9776,2016,11,14.9,9.9,22.9,9.3,49.9,6.3
STN_0005,36.53,77.9776,2016,12,7.8,2.8,15.8,22.6,54.6,6.2
STN_0005,36.53,77.9776,2017,1,7.5,2.5,15.5,26.7,52.8,3.2
STN_0005,36.53,77.9776,2017,2,10.6,5.6,18.6,18.1,68.1,12.1
STN_0005,36.53,77.9776,2017,3,21.4,16.4,29.4,53.9,72.5,7.8
STN_0005,36.53,77.9776,2017,4,17.0,12.0,25.0,21.3,55.6,12.4
STN_0005,36.53,77.9776,2017,5,19.2,14.2,27.2,108.7,71.6,12.0
STN_0005,36.53,77.9776,2017,6,11.2,6.2,19.2,20.6,85.2,6.1
STN_0005,36.53,77.9776,2017,7,14.1,9.1,22.1,134.2,83.1,9.0
STN_0005,36.53,77.9776,2017,8,12.7,7.7,20.7,20.5,79.3,12.2
STN_0005,36.53,77.9776,2017,9,12.8,7.8,20.8,79.0,81.2,7.9
STN_0005,36.53,77.9776,2017,10,12.4,7.4,20.4,9.3,41.4,11.9
STN_0005,36.53,77.9776,2017,11,16.3,11.3,24.3,30.2,57.8,6.2
STN_0005,36.53,77.9776,2017,12,5.5,0.5,13.5,10.4,55.5,9.1
STN_0005,36.53,77.9776,2018,1,7.3,2.3,15.3,4.0,54.3,14.1
STN_0005,36.53,77.9776,2018,2,7.9,2.9,15.9,39.7,61.9,6.3
STN_0005,36.53,77.9776,2018,3,19.1,14.1,27.1,87.3,40.0,3.1
STN_0005,36.53,77.9776,2018,4,15.3,10.3,23.3,63.5,71.3,4.7
STN_0005,36.53,77.9776,2018,5,21.3,16.3,29.3,8.7,74.8,4.2
STN_0005,36.53,77.9776,2018,6,16.8,11.8,24.8,160.3,85.7,6.8
STN_0005,36.53,77.9776,2018,7,19.3,14.3,27.3,197.5,88.8,8.8
STN_0005,36.53,77.9776,2018,8,14.1,9.1,22.1,4.0,77.7,2.4
STN_0005,36.53,77.9776,2018,9,15.5,10.5,23.5,635.5,70.4,14.4
STN_0005,36.53,77.9776,2018,10,12.3,7.3,20.3,14.7,79.1,2.1
STN_0005,36.53,77.9776,2018,11,14.4,9.4,22.4,1.2,75.4,8.4
STN_0005,36.53,77.9776,2018,12,5.0,-0.0,13.0,38.2,41.1,13.5
STN_0005,36.53,77.9776,2019,1,3.6,-1.4,11.6,29.7,47.9,7.2
STN_0005,36.53,77.9776,2019,2,4.8,-0.2,12.8,6.1,60.7,9.7
STN_0005,36.53,77.9776,2019,3,22.1,17.1,30.1,9.0,78.3,4.1
STN_0005,36.53,77.9776,2019,4,24.2,19.2,32.2,19.5,44.5,5.7
STN_0005,36.53,77.9776,2019,5,18.6,13.6,26.6,13.6,58.1,7.1
STN_0005,36.53,77.9776,2019,6,14.3,9.3,22.3,19.4,93.5,10.0
STN_0005,36.53,77.9776,2019,7,15.4,10.4,23.4,138.9,76.1,5.4
STN_0005,36.53,77.9776,2019,8,14.6,9.6,22.6,230.1,77.1,14.1
STN_0005,36.53,77.9776,2019,9,15.3,10.3,23.3,84.0,90.5,4.9
STN_0005,36.53,77.9776,2019,10,15.8,10.8,23.8,25.4,46.6,2.4
STN_0005,36.53,77.9776,2019,11,14.0,9.0,22.0,71.3,66.6,8.9
STN_0005,36.53,77.9776,2019,12,6.8,1.8,14.8,19.5,80.0,3.7
STN_0005,36.53,77.9776,2020,1,6.7,1.7,14.7,56.7,77.5,13.4
STN_0005,36.53,77.9776,2020,2,3.3,-1.7,11.3,1.4,42.7,4.5
STN_0005,36.53,77.9776,2020,3,26.8,21.8,34.8,13.2,58.5,6.4
STN_0005,36.53,77.9776,2020,4,20.0,15.0,28.0,36.9,41.2,14.0
STN_0005,36.53,77.9776,2020,5,21.2,16.2,29.2,27.4,65.2,4.0
STN_0005,36.53,77.9776,2020,6,15.5,10.5,23.5,290.5,75.2,12.9
STN_0005,36.53,77.9776,2020,7,11.8,6.8,19.8,322.9,85.5,10.8
STN_0005,36.53,77.9776,2020,8,14.3,9.3,22.3,239.8,71.4,8.3
STN_0005,36.53,77.9776,2020,9,13.9,8.9,21.9,132.4,78.1,7.6
STN_0005,36.53,77.9776,2020,10,12.0,7.0,20.0,31.5,55.9,14.4
STN_0005,36.53,77.9776,2020,11,13.9,8.9,21.9,59.7,71.2,10.8
STN_0005,36.53,77.9776,2020,12,5.7,0.7,13.7,12.7,54.6,2.9
STN_0005,36.53,77.9776,2021,1,7.1,2.1,15.1,9.7,62.0,9.4
STN_0005,36.53,77.9776,2021,2,9.5,4.5,17.5,22.7,42.2,2.5
STN_0005,36.53,77.9776,2021,3,16.1,11.1,24.1,6.0,48.6,13.7
STN_0005,36.53,77.9776,2021,4,21.3,16.3,29.3,44.0,43.3,6.4
STN_0005,36.53,77.9776,2021,5,23.2,18.2,31.2,6.4,43.8,9.5
STN_0005,36.53,77.9776,2021,6,13.7,8.7,21.7,472.7,83.4,9.1
STN_0005,36.53,77.9776,2021,7,20.6,15.6,28.6,0.5,81.2,4.3
STN_0005,36.53,77.9776,2021,8,20.6,15.6,28.6,234.4,87.0,5.7
STN_0005,36.53,77.9776,2021,9,16.5,11.5,24.5,148.5,84.3,13.0
STN_0005,36.53,77.9776,2021,10,12.0,7.0,20.0,54.6,70.5,14.5
STN_0005,36.53,77.9776,2021,11,12.8,7.8,20.8,31.4,69.5,8.6
STN_0005,36.53,77.9776,2021,12,7.1,2.1,15.1,11.9,49.2,13.5
STN_0005,36.53,77.9776,2022,1,7.9,2.9,15.9,12.9,58.5,6.1
STN_0005,36.53,77.9776,2022,2,3.9,-1.1,11.9,1.1,71.3,9.2
STN_0005,36.53,77.9776,2022,3,22.6,17.6,30.6,4.2,62.1,11.0
STN_0005,36.53,77.9776,2022,4,24.4,19.4,32.4,3.4,41.3,4.0
STN_0005,36.53,77.9776,2022,5,24.9,19.9,32.9,15.5,62.8,10.7
STN_0005,36.53,77.9776,2022,6,17.0,12.0,25.0,110.6,82.7,9.4
STN_0005,36.53,77.9776,2022,7,15.6,10.6,23.6,212.9,70.5,8.9
STN_0005,36.53,77.9776,2022,8,14.5,9.5,22.5,85.8,82.5,6.5
STN_0005,36.53,77.9776,2022,9,17.6,12.6,25.6,38.6,85.7,14.4
STN_0005,36.53,77.9776,2022,10,12.9,7.9,20.9,4.0,55.0,8.5
STN_0005,36.53,77.9776,2022,11,8.8,3.8,16.8,12.6,79.0,2.4
STN_0005,36.53,77.9776,2022,12,8.3,3.3,16.3,9.4,53.4,2.6
STN_0006,13.865,81.8632,2010,1,21.1,16.1,29.1,37.7,72.0,9.3
STN_0006,13.865,81.8632,2010,2,17.5,12.5,25.5,0.4,70.8,13.3
STN_0006,13.865,81.8632,2010,3,27.6,22.6,35.6,3.7,73.1,11.0
STN_0006,13.865,81.8632,2010,4,33.7,28.7,41.7,69.3,67.7,8.2
STN_0006,13.865,81.8632,2010,5,36.6,31.6,44.6,23.5,79.9,12.3
STN_0006,13.865,81.8632,2010,6,25.9,20.9,33.9,331.8,72.0,7.0
STN_0006,13.865,81.8632,2010,7,28.3,23.3,36.3,763.2,82.7,8.9
STN_0006,13.865,81.8632,2010,8,25.2,20.2,33.2,9.2,75.3,12.2
STN_0006,13.865,81.8632,2010,9,29.2,24.2,37.2,90.9,73.1,10.2
STN_0006,13.865,81.8632,2010,10,19.6,14.6,27.6,13.2,69.9,9.3
STN_0006,13.865,81.8632,2010,11,27.2,22.2,35.2,204.2,74.5,5.1
STN_0006,13.865,81.8632,2010,12,23.3,18.3,31.3,3.2,72.5,6.4
STN_0006,13.865,81.8632,2011,1,23.7,18.7,31.7,3.1,49.7,14.6
STN_0006,13.865,81.8632,2011,2,18.3,13.3,26.3,15.0,79.1,3.2
STN_0006,13.865,81.8632,2011,3,32.2,27.2,40.2,9.6,56.0,4.0
STN_0006,13.865,81.8632,2011,4,29.3,24.3,37.3,23.7,77.1,7.4
STN_0006,13.865,81.8632,2011,5,31.5,26.5,39.5,73.9,62.3,2.4
STN_0006,13.865,81.8632,2011,6,29.1,24.1,37.1,101.7,90.8,13.4
STN_0006,13.865,81.8632,2011,7,28.9,23.9,36.9,60.7,91.3,12.5
STN_0006,13.865,81.8632,2011,8,23.6,18.6,31.6,756.1,80.3,5.9
STN_0006,13.865,81.8632,2011,9,24.6,19.6,32.6,186.6,91.9,10.1
STN_0006,13.865,81.8632,2011,10,25.4,20.4,33.4,110.4,71.1,9.8
STN_0006,13.865,81.8632,2011,11,25.5,20.5,33.5,2.9,54.4,2.7
STN_0006,13.865,81.8632,2011,12,19.8,14.8,27.8,34.9,43.2,14.6
STN_0006,13.865,81.8632,2012,1,17.0,12.0,25.0,18.9,54.6,9.3
STN_0006,13.865,81.8632,2012,2,17.1,12.1,25.1,16.9,66.8,5.0
STN_0006,13.865,81.8632,2012,3,32.6,27.6,40.6,0.6,60.3,3.1
STN_0006,13.865,81.8632,2012,4,31.8,26.8,39.8,1.0,76.6,6.7
STN_0006,13.865,81.8632,2012,5,26.9,21.9,34.9,12.2,62.4,8.7
STN_0006,13.865,81.8632,2012,6,26.1,21.1,34.1,39.2,79.3,11.3
STN_0006,13.865,81.8632,2012,7,26.3,21.3,34.3,218.8,85.2,4.2
STN_0006,13.865,81.8632,2012,8,28.3,23.3,36.3,228.5,92.5,2.6
STN_0006,13.865,81.8632,2012,9,28.3,23.3,36.3,209.7,90.7,8.8
STN_0006,13.865,81.8632,2012,10,28.5,23.5,36.5,62.0,67.1,14.5
STN_0006,13.865,81.8632,2012,11,23.4,18.4,31.4,171.4,65.2,14.5
STN_0006,13.865,81.8632,2012,12,17.3,12.3,25.3,32.1,52.0,5.0
STN_0006,13.865,81.8632,2013,1,21.4,16.4,29.4,71.0,50.9,11.1
STN_0006,13.865,81.8632,2013,2,19.1,14.1,27.1,14.5,70.1,10.9
STN_0006,13.865,81.8632,2013,3,30.0,25.0,38.0,20.2,51.4,7.6
STN_0006,13.865,81.8632,2013,4,27.1,22.1,35.1,42.7,76.5,8.6
STN_0006,13.865,81.8632,2013,5,36.6,31.6,44.6,2.5,49.6,14.3
STN_0006,13.865,81.8632,2013,6,28.4,23.4,36.4,94.2,78.8,9.3
STN_0006,13.865,81.8632,2013,7,28.8,23.8,36.8,166.2,85.1,9.5
STN_0006,13.865,81.8632,2013,8,25.1,20.1,33.1,706.2,72.3,12.6
STN_0006,13.865,81.8632,2013,9,26.0,21.0,34.0,43.9,93.8,8.5
STN_0006,13.865,81.8632,2013,10,26.3,21.3,34.3,20.8,61.1,12.4
STN_0006,13.865,81.8632,2013,11,24.6,19.6,32.6,68.8,75.8,6.8
STN_0006,13.865,81.8632,2013,12,18.5,13.5,26.5,23.0,50.5,10.8
STN_0006,13.865,81.8632,2014,1,16.3,11.3,24.3,3.7,79.8,9.1
STN_0006,13.865,81.8632,2014,2,21.7,16.7,29.7,10.7,64.2,3.3
STN_0006,13.865,81.8632,2014,3,38.5,33.5,46.5,2.6,51.7,12.7
STN_0006,13.865,81.8632,2014,4,34.5,29.5,42.5,17.3,53.7,3.6
STN_0006,13.865,81.8632,2014,5,29.4,24.4,37.4,26.1,57.4,9.9
STN_0006,13.865,81.8632,2014,6,30.8,25.8,38.8,11.5,71.2,5.4
STN_0006,13.865,81.8632,2014,7,26.0,21.0,34.0,322.3,80.7,14.7
STN_0006,13.865,81.8632,2014,8,28.1,23.1,36.1,59.5,76.6,6.4
STN_0006,13.865,81.8632,2014,9,29.7,24.7,37.7,375.9,90.0,11.6
STN_0006,13.865,81.8632,2014,10,20.5,15.5,28.5,66.6,53.3,12.1
STN_0006,13.865,81.8632,2014,11,25.9,20.9,33.9,8.2,65.0,3.3
STN_0006,13.865,81.8632,2014,12,17.3,12.3,25.3,45.3,56.1,10.2
STN_0006,13.865,81.8632,2015,1,19.3,14.3,27.3,8.4,61.7,11.4
STN_0006,13.865,81.8632,2015,2,16.8,11.8,24.8,23.7,45.1,12.7
STN_0006,13.865,81.8632,2015,3,30.2,25.2,38.2,16.3,45.8,8.1
STN_0006,13.865,81.8632,2015,4,29.1,24.1,37.1,0.8,57.9,10.5
STN_0006,13.865,81.8632,2015,5,30.8,25.8,38.8,43.8,53.3,6.0
STN_0006,13.865,81.8632,2015,6,32.1,27.1,40.1,30.7,71.9,4.3
STN_0006,13.865,81.8632,2015,7,29.3,24.3,37.3,190.5,79.8,3.2
STN_0006,13.865,81.8632,2015,8,28.2,23.2,36.2,360.5,77.6,9.4
STN_0006,13.865,81.8632,2015,9,29.6,24.6,37.6,244.2,93.0,2.7
STN_0006,13.865,81.8632,2015,10,23.1,18.1,31.1,107.0,51.1,9.9
STN_0006,13.865,81.8632,2015,11,24.6,19.6,32.6,31.9,75.1,2.5
STN_0006,13.865,81.8632,2015,12,16.0,11.0,24.0,6.0,61.3,5.1
STN_0006,13.865,81.8632,2016,1,18.0,13.0,26.0,14.8,45.4,14.0
STN_0006,13.865,81.8632,2016,2,20.2,15.2,28.2,1.4,59.8,4.0
STN_0006,13.865,81.8632,2016,3,34.1,29.1,42.1,1.1,66.9,8.0
STN_0006,13.865,81.8632,2016,4,28.7,23.7,36.7,11.0,45.1,8.5
STN_0006,13.865,81.8632,2016,5,32.8,27.8,40.8,10.4,79.4,2.3
STN_0006,13.865,81.8632,2016,6,28.8,23.8,36.8,194.5,83.9,13.2
STN_0006,13.865,81.8632,2016,7,24.0,19.0,32.0,274.5,93.3,10.8
STN_0006,13.865,81.8632,2016,8,28.0,23.0,36.0,287.0,90.8,3.2
STN_0006,13.865,81.8632,2016,9,23.8,18.8,31.8,117.8,75.8,12.8
STN_0006,13.865,81.8632,2016,10,24.7,19.7,32.7,6.4,66.4,2.1
STN_0006,13.865,81.8632,2016,11,23.8,18.8,31.8,91.3,60.6,7.4
STN_0006,13.865,81.8632,2016,12,16.1,11.1,24.1,7.4,78.0,8.0
STN_0006,13.865,81.8632,2017,1,16.9,11.9,24.9,1.8,58.6,11.5
STN_0006,13.865,81.8632,2017,2,21.4,16.4,29.4,9.4,75.4,10.8
STN_0006,13.865,81.8632,2017,3,32.9,27.9,40.9,16.0,70.0,3.1
STN_0006,13.865,81.8632,2017,4,30.0,25.0,38.0,19.0,46.3,14.9
STN_0006,13.865,81.8632,2017,5,27.9,22.9,35.9,58.2,57.5,13.6
STN_0006,13.865,81.8632,2017,6,26.4,21.4,34.4,156.9,71.0,8.6
STN_0006,13.865,81.8632,2017,7,28.9,23.9,36.9,142.5,90.9,3.0
STN_0006,13.865,81.8632,2017,8,29.4,24.4,37.4,106.8,84.0,10.5
STN_0006,13.865,81.8632,2017,9,27.8,22.8,35.8,12.9,81.4,5.0
STN_0006,13.865,81.8632,2017,10,24.1,19.1,32.1,303.8,42.0,14.2
STN_0006,13.865,81.8632,2017,11,25.7,20.7,33.7,13.1,48.8,9.2
STN_0006,13.865,81.8632,2017,12,19.2,14.2,27.2,38.7,40.3,5.7
STN_0006,13.865,81.8632,2018,1,24.4,19.4,32.4,30.0,61.5,4.0
STN_0006,13.865,81.8632,2018,2,17.9,12.9,25.9,4.3,66.5,4.1
STN_0006,13.865,81.8632,2018,3,31.8,26.8,39.8,15.7,61.6,3.4
STN_0006,13.865,81.8632,2018,4,32.6,27.6,40.6,34.4,61.4,11.8
STN_0006,13.865,81.8632,2018,5,33.9,28.9,41.9,15.3,60.4,4.3
STN_0006,13.865,81.8632,2018,6,28.1,23.1,36.1,42.1,73.2,13.1
STN_0006,13.865,81.8632,2018,7,25.0,20.0,33.0,72.7,91.4,12.4
STN_0006,13.865,81.8632,2018,8,26.2,21.2,34.2,5.1,77.9,12.7
STN_0006,13.865,81.8632,2018,9,28.0,23.0,36.0,828.2,81.9,4.2
STN_0006,13.865,81.8632,2018,10,26.3,21.3,34.3,6.1,53.3,12.9
STN_0006,13.865,81.8632,2018,11,24.2,19.2,32.2,16.0,62.3,5.4
STN_0006,13.865,81.8632,2018,12,18.7,13.7,26.7,0.3,76.7,4.0
STN_0006,13.865,81.8632,2019,1,18.1,13.1,26.1,19.0,78.3,14.0
STN_0006,13.865,81.8632,2019,2,19.6,14.6,27.6,10.4,43.3,11.0
STN_0006,13.865,81.8632,2019,3,30.7,25.7,38.7,50.9,47.9,3.7
STN_0006,13.865,81.8632,2019,4,29.6,24.6,37.6,4.3,56.4,3.5
STN_0006,13.865,81.8632,2019,5,30.6,25.6,38.6,1.8,58.1,7.2
STN_0006,13.865,81.8632,2019,6,28.7,23.7,36.7,145.9,91.3,3.2
STN_0006,13.865,81.8632,2019,7,28.6,23.6,36.6,24.7,81.3,14.3
STN_0006,13.865,81.8632,2019,8,22.4,17.4,30.4,44.2,94.3,6.5
STN_0006,13.865,81.8632,2019,9,28.3,23.3,36.3,63.5,79.5,10.1
STN_0006,13.865,81.8632,2019,10,21.1,16.1,29.1,0.2,70.1,8.2
STN_0006,13.865,81.8632,2019,11,27.1,22.1,35.1,33.3,60.7,4.6
STN_0006,13.865,81.8632,2019,12,20.0,15.0,28.0,5.9,73.4,14.3
STN_0006,13.865,81.8632,2020,1,20.1,15.1,28.1,0.3,66.8,11.4
STN_0006,13.865,81.8632,2020,2,17.6,12.6,25.6,3.0,78.5,8.9
STN_0006,13.865,81.8632,2020,3,31.8,26.8,39.8,22.8,59.3,8.8
STN_0006,13.865,81.8632,2020,4,30.2,25.2,38.2,8.3,52.8,3.2
STN_0006,13.865,81.8632,2020,5,29.7,24.7,37.7,24.1,43.0,9.1
STN_0006,13.865,81.8632,2020,6,26.1,21.1,34.1,231.4,85.0,13.9
STN_0006,13.865,81.8632,2020,7,22.0,17.0,30.0,677.3,94.7,7.7
STN_0006,13.865,81.8632,2020,8,24.9,19.9,32.9,46.6,81.1,10.2
STN_0006,13.865,81.8632,2020,9,23.2,18.2,31.2,238.1,72.1,13.2
STN_0006,13.865,81.8632,2020,10,27.0,22.0,35.0,80.4,56.9,5.3
STN_0006,13.865,81.8632,2020,11,22.9,17.9,30.9,9.2,76.6,3.7
STN_0006,13.865,81.8632,2020,12,21.0,16.0,29.0,19.2,45.4,10.0
STN_0006,13.865,81.8632,2021,1,18.4,13.4,26.4,33.7,70.0,13.1
STN_0006,13.865,81.8632,2021,2,21.2,16.2,29.2,14.5,48.8,7.7
STN_0006,13.865,81.8632,2021,3,35.1,30.1,43.1,0.8,72.8,14.9
STN_0006,13.865,81.8632,2021,4,37.0,32.0,45.0,10.2,53.1,12.7
STN_0006,13.865,81.8632,2021,5,35.2,30.2,43.2,4.6,72.3,10.1
STN_0006,13.865,81.8632,2021,6,28.7,23.7,36.7,391.2,76.7,5.7
STN_0006,13.865,81.8632,2021,7,25.1,20.1,33.1,7.8,71.0,11.7
STN_0006,13.865,81.8632,2021,8,28.6,23.6,36.6,141.1,84.6,11.3
STN_0006,13.865,81.8632,2021,9,30.2,25.2,38.2,178.1,92.9,5.0
STN_0006,13.865,81.8632,2021,10,22.4,17.4,30.4,112.8,73.9,14.3
STN_0006,13.865,81.8632,2021,11,26.3,21.3,34.3,4.0,75.0,3.6
STN_0006,13.865,81.8632,2021,12,18.9,13.9,26.9,8.3,59.8,2.2
STN_0006,13.865,81.8632,2022,1,19.6,14.6,27.6,16.2,59.5,6.1
STN_0006,13.865,81.8632,2022,2,17.0,12.0,25.0,22.0,49.7,8.2
STN_0006,13.865,81.8632,2022,3,30.6,25.6,38.6,3.4,51.3,12.0
STN_0006,13.865,81.8632,2022,4,30.5,25.5,38.5,36.0,43.9,6.9
STN_0006,13.865,81.8632,2022,5,29.8,24.8,37.8,5.3,66.4,11.2
STN_0006,13.865,81.8632,2022,6,24.5,19.5,32.5,23.4,74.9,9.8
STN_0006,13.865,81.8632,2022,7,28.8,23.8,36.8,329.5,73.4,6.6
STN_0006,13.865,81.8632,2022,8,25.6,20.6,33.6,137.5,80.6,10.7
STN_0006,13.865,81.8632,2022,9,25.9,20.9,33.9,138.4,93.2,13.1
STN_0006,13.865,81.8632,2022,10,27.2,22.2,35.2,52.5,64.1,9.7
STN_0006,13.865,81.8632,2022,11,22.4,17.4,30.4,4.6,76.9,9.4
STN_0006,13.865,81.8632,2022,12,21.6,16.6,29.6,5.8,41.8,6.2
STN_0007,25.1344,94.7215,2010,1,12.7,7.7,20.7,27.3,54.4,12.3
STN_0007,25.1344,94.7215,2010,2,13.2,8.2,21.2,98.2,56.9,13.1
STN_0007,25.1344,94.7215,2010,3,28.4,23.4,36.4,6.1,54.1,13.2
STN_0007,25.1344,94.7215,2010,4,27.4,22.4,35.4,16.8,53.2,9.3
STN_0007,25.1344,94.7215,2010,5,31.5,26.5,39.5,7.7,42.7,2.2
STN_0007,25.1344,94.7215,2010,6,23.0,18.0,31.0,45.7,87.0,7.9
STN_0007,25.1344,94.7215,2010,7,18.4,13.4,26.4,202.7,80.9,12.4
STN_0007,25.1344,94.7215,2010,8,21.3,16.3,29.3,60.0,87.5,11.3
STN_0007,25.1344,94.7215,2010,9,21.8,16.8,29.8,41.1,73.3,12.6
STN_0007,25.1344,94.7215,2010,10,19.1,14.1,27.1,9.0,67.9,10.7
STN_0007,25.1344,94.7215,2010,11,20.0,15.0,28.0,55.2,68.8,11.5
STN_0007,25.1344,94.7215,2010,12,13.3,8.3,21.3,9.2,49.8,4.9
STN_0007,25.1344,94.7215,2011,1,14.2,9.2,22.2,14.3,60.5,4.9
STN_0007,25.1344,94.7215,2011,2,18.9,13.9,26.9,8.8,70.0,12.2
STN_0007,25.1344,94.7215,2011,3,22.4,17.4,30.4,3.7,65.4,10.9
STN_0007,25.1344,94.7215,2011,4,27.4,22.4,35.4,15.6,57.9,7.4
STN_0007,25.1344,94.7215,2011,5,27.9,22.9,35.9,34.8,54.2,10.7
STN_0007,25.1344,94.7215,2011,6,19.6,14.6,27.6,5.9,75.2,14.9
STN_0007,25.1344,94.7215,2011,7,20.8,15.8,28.8,29.7,87.0,14.7
STN_0007,25.1344,94.7215,2011,8,23.2,18.2,31.2,156.3,79.9,8.8
STN_0007,25.1344,94.7215,2011,9,21.7,16.7,29.7,44.9,90.6,3.5
STN_0007,25.1344,94.7215,2011,10,20.4,15.4,28.4,0.3,51.0,4.9
STN_0007,25.1344,94.7215,2011,11,20.2,15.2,28.2,3.3,68.3,15.0
STN_0007,25.1344,94.7215,2011,12,13.9,8.9,21.9,0.6,68.1,9.9
STN_0007,25.1344,94.7215,2012,1,14.3,9.3,22.3,29.2,78.8,11.8
STN_0007,25.1344,94.7215,2012,2,15.3,10.3,23.3,4.2,47.0,14.1
STN_0007,25.1344,94.7215,2012,3,29.0,24.0,37.0,2.0,77.6,7.1
STN_0007,25.1344,94.7215,2012,4,26.3,21.3,34.3,20.1,64.3,4.8
STN_0007,25.1344,94.7215,2012,5,25.8,20.8,33.8,13.0,61.7,5.3
STN_0007,25.1344,94.7215,2012,6,23.4,18.4,31.4,135.1,75.9,13.0
STN_0007,25.1344,94.7215,2012,7,18.4,13.4,26.4,177.4,94.8,7.7
STN_0007,25.1344,94.7215,2012,8,19.6,14.6,27.6,79.2,92.8,11.1
STN_0007,25.1344,94.7215,2012,9,21.7,16.7,29.7,13.4,87.8,8.0
STN_0007,25.1344,94.7215,2012,10,20.0,15.0,28.0,249.0,52.7,11.4
STN_0007,25.1344,94.7215,2012,11,21.9,16.9,29.9,20.0,59.7,13.2
STN_0007,25.1344,94.7215,2012,12,17.9,12.9,25.9,30.0,70.2,12.7
STN_0007,25.1344,94.7215,2013,1,14.6,9.6,22.6,17.4,61.9,13.5
STN_0007,25.1344,94.7215,2013,2,12.1,7.1,20.1,2.9,51.1,6.1
STN_0007,25.1344,94.7215,2013,3,26.2,21.2,34.2,18.2,61.3,2.7
STN_0007,25.1344,94.7215,2013,4,25.3,20.3,33.3,30.8,55.7,13.7
STN_0007,25.1344,94.7215,2013,5,27.9,22.9,35.9,13.2,72.0,14.6
STN_0007,25.1344,94.7215,2013,6,21.3,16.3,29.3,161.8,78.2,8.3
STN_0007,25.1344,94.7215,2013,7,21.6,16.6,29.6,14.4,80.8,9.5
STN_0007,25.1344,94.7215,2013,8,22.3,17.3,30.3,2.6,80.2,9.3
STN_0007,25.1344,94.7215,2013,9,25.6,20.6,33.6,535.7,93.4,3.7
STN_0007,25.1344,94.7215,2013,10,15.9,10.9,23.9,77.5,77.6,9.4
STN_0007,25.1344,94.7215,2013,11,22.3,17.3,30.3,55.9,79.1,10.0
STN_0007,25.1344,94.7215,2013,12,12.9,7.9,20.9,20.4,74.5,13.2
STN_0007,25.1344,94.7215,2014,1,16.6,11.6,24.6,17.3,79.6,7.7
STN_0007,25.1344,94.7215,2014,2,12.5,7.5,20.5,14.0,76.7,2.8
STN_0007,25.1344,94.7215,2014,3,20.9,15.9,28.9,14.3,46.0,3.6
STN_0007,25.1344,94.7215,2014,4,26.3,21.3,34.3,1.3,58.4,10.7
STN_0007,25.1344,94.7215,2014,5,29.4,24.4,37.4,2.5,55.8,14.9
STN_0007,25.1344,94.7215,2014,6,21.1,16.1,29.1,243.9,78.3,13.3
STN_0007,25.1344,94.7215,2014,7,24.0,19.0,32.0,474.9,84.2,2.1
STN_0007,25.1344,94.7215,2014,8,21.7,16.7,29.7,20.5,71.5,8.4
STN_0007,25.1344,94.7215,2014,9,24.1,19.1,32.1,225.0,82.7,5.6
STN_0007,25.1344,94.7215,2014,10,20.6,15.6,28.6,75.5,60.2,3.3
STN_0007,25.1344,94.7215,2014,11,18.0,13.0,26.0,1.5,56.3,6.4
STN_0007,25.1344,94.7215,2014,12,15.5,10.5,23.5,9.6,69.2,6.7
STN_0007,25.1344,94.7215,2015,1,17.1,12.1,25.1,3.5,49.4,11.4
STN_0007,25.1344,94.7215,2015,2,15.2,10.2,23.2,0.4,74.0,7.3
STN_0007,25.1344,94.7215,2015,3,29.5,24.5,37.5,41.7,54.9,14.8
STN_0007,25.1344,94.7215,2015,4,22.4,17.4,30.4,16.0,45.3,2.7
